reading_id,reading_time,zone_code,temperature_c,humidity_pct,risk_factor_code,anomaly_flag
ENV-300000,2026-05-18 16:00,J,23.8,36.4,EF-03,False
ENV-300001,2026-06-09 03:00,A,16.0,40.1,EF-02,False
ENV-300002,2026-07-05 22:00,D,21.5,52.8,EF-03,False
ENV-300003,2026-05-02 17:00,J,24.8,59.5,EF-05,False
ENV-300004,2026-06-21 23:00,E,31.5,54.1,EF-08,False
ENV-300005,2026-05-01 07:00,H,22.7,47.9,EF-03,False
ENV-300006,2026-07-23 00:00,A,34.6,88.6,EF-04,False
ENV-300007,2026-06-06 11:00,G,24.9,64.1,EF-08,False
ENV-300008,2026-07-11 06:00,I,31.5,56.5,EF-05,False
ENV-300009,2026-06-03 20:00,B,20.0,52.8,EF-02,False
ENV-300010,2026-07-11 21:00,J,21.1,84.1,EF-07,False
ENV-300011,2026-05-24 06:00,I,19.1,63.5,EF-04,False
ENV-300012,2026-06-24 09:00,H,35.4,45.8,EF-08,False
ENV-300013,2026-06-15 22:00,G,33.5,72.4,EF-07,False
ENV-300014,2026-06-10 10:00,I,30.7,50.7,EF-05,False
ENV-300015,2026-05-16 18:00,B,16.7,66.2,EF-07,False
ENV-300016,2026-05-17 08:00,E,24.5,59.8,EF-07,False
ENV-300017,2026-07-01 04:00,C,24.9,61.5,EF-05,False
ENV-300018,2026-07-17 21:00,J,25.3,65.1,EF-07,True
ENV-300019,2026-07-12 16:00,J,25.2,55.7,EF-06,False
ENV-300020,2026-06-28 01:00,E,32.3,66.7,EF-08,False
ENV-300021,2026-05-12 05:00,C,29.9,41.2,EF-07,False
ENV-300022,2026-06-10 17:00,F,37.6,74.1,EF-03,False
ENV-300023,2026-05-03 16:00,H,23.1,56.8,EF-05,False
ENV-300024,2026-07-21 11:00,B,31.3,42.5,EF-02,False
ENV-300025,2026-05-18 10:00,J,28.5,65.0,EF-05,False
ENV-300026,2026-07-20 03:00,G,24.5,53.4,EF-07,False
ENV-300027,2026-07-19 20:00,E,21.4,18.0,EF-03,False
ENV-300028,2026-07-08 02:00,D,27.1,39.6,EF-02,False
ENV-300029,2026-06-27 21:00,I,31.7,42.3,EF-06,False
ENV-300030,2026-06-15 22:00,I,31.1,41.8,EF-05,False
ENV-300031,2026-07-06 13:00,I,29.5,27.8,EF-08,False
ENV-300032,2026-07-17 18:00,B,28.1,45.2,EF-07,True
ENV-300033,2026-06-23 15:00,D,27.0,75.2,EF-03,False
ENV-300034,2026-06-07 15:00,J,28.7,75.9,EF-01,False
ENV-300035,2026-05-25 10:00,B,21.6,45.2,EF-08,False
ENV-300036,2026-04-29 00:00,C,23.4,40.1,EF-06,False
ENV-300037,2026-05-19 14:00,I,23.2,66.3,EF-02,False
ENV-300038,2026-06-30 00:00,A,26.4,42.3,EF-08,False
ENV-300039,2026-05-30 05:00,E,23.3,59.4,EF-04,False
ENV-300040,2026-07-23 12:00,H,23.1,54.5,EF-07,False
ENV-300041,2026-07-02 17:00,E,32.0,52.9,EF-08,False
ENV-300042,2026-05-23 11:00,G,24.6,44.5,EF-02,False
ENV-300043,2026-06-19 14:00,C,31.9,95.0,EF-03,False
ENV-300044,2026-05-14 17:00,D,21.8,28.6,EF-03,False
ENV-300045,2026-06-29 18:00,B,19.7,65.2,EF-07,False
ENV-300046,2026-05-08 17:00,J,25.7,33.9,EF-04,False
ENV-300047,2026-06-16 19:00,F,21.3,25.5,EF-07,False
ENV-300048,2026-06-02 11:00,J,32.2,64.3,EF-05,False
ENV-300049,2026-06-20 14:00,H,26.5,56.4,EF-08,False
ENV-300050,2026-06-24 11:00,E,30.1,85.0,EF-05,False
ENV-300051,2026-05-15 08:00,E,30.5,58.1,EF-03,False
ENV-300052,2026-06-01 06:00,F,29.4,47.0,EF-03,False
ENV-300053,2026-05-28 14:00,D,31.5,27.1,EF-05,False
ENV-300054,2026-05-12 06:00,J,36.2,73.6,EF-04,False
ENV-300055,2026-05-13 13:00,C,34.3,83.2,EF-07,False
ENV-300056,2026-05-30 00:00,F,26.2,57.8,EF-04,False
ENV-300057,2026-07-21 09:00,I,26.1,32.0,EF-05,False
ENV-300058,2026-06-23 21:00,F,28.0,76.9,EF-03,False
ENV-300059,2026-05-16 05:00,I,26.7,71.1,EF-03,False
ENV-300060,2026-06-09 11:00,D,31.5,58.6,EF-05,False
ENV-300061,2026-05-18 13:00,E,34.3,66.5,EF-06,False
ENV-300062,2026-06-27 20:00,D,31.6,42.8,EF-07,False
ENV-300063,2026-05-20 02:00,I,10.7,46.5,EF-03,False
ENV-300064,2026-05-02 01:00,D,23.4,54.8,EF-08,False
ENV-300065,2026-06-15 20:00,D,34.4,39.3,EF-06,False
ENV-300066,2026-05-08 17:00,B,30.8,54.3,EF-08,False
ENV-300067,2026-06-08 22:00,G,25.1,69.4,EF-06,False
ENV-300068,2026-07-08 06:00,A,29.7,42.6,EF-02,False
ENV-300069,2026-06-28 10:00,G,24.2,57.5,EF-02,False
ENV-300070,2026-06-15 16:00,C,26.5,57.9,EF-08,False
ENV-300071,2026-06-18 05:00,H,27.3,24.8,EF-07,False
ENV-300072,2026-05-08 06:00,F,23.3,38.3,EF-03,False
ENV-300073,2026-06-21 11:00,G,27.1,51.5,EF-05,False
ENV-300074,2026-07-09 11:00,A,27.7,30.8,EF-05,False
ENV-300075,2026-06-02 09:00,A,22.4,86.3,EF-06,False
ENV-300076,2026-06-04 21:00,G,25.0,48.8,EF-08,False
ENV-300077,2026-07-08 05:00,A,15.9,73.4,EF-07,False
ENV-300078,2026-05-02 11:00,I,39.5,40.0,EF-04,False
ENV-300079,2026-06-21 15:00,E,25.9,60.8,EF-04,False
ENV-300080,2026-07-11 23:00,I,26.5,63.6,EF-02,False
ENV-300081,2026-05-28 22:00,H,27.3,82.8,EF-07,False
ENV-300082,2026-06-09 10:00,J,20.8,43.9,EF-05,False
ENV-300083,2026-05-28 21:00,J,30.1,37.8,EF-01,False
ENV-300084,2026-05-23 00:00,I,22.6,58.5,EF-04,False
ENV-300085,2026-07-01 10:00,G,19.3,63.1,EF-08,False
ENV-300086,2026-05-29 06:00,I,33.4,64.5,EF-03,False
ENV-300087,2026-05-19 20:00,F,32.5,45.8,EF-01,False
ENV-300088,2026-06-30 15:00,F,28.5,61.2,EF-04,False
ENV-300089,2026-06-06 11:00,B,41.1,75.8,EF-04,False
ENV-300090,2026-07-13 05:00,J,27.7,56.8,EF-07,False
ENV-300091,2026-05-22 01:00,F,21.0,68.4,EF-01,False
ENV-300092,2026-05-05 14:00,E,32.0,61.6,EF-05,False
ENV-300093,2026-07-03 00:00,J,26.9,45.5,EF-04,False
ENV-300094,2026-05-29 10:00,J,26.8,55.3,EF-01,False
ENV-300095,2026-06-12 18:00,G,28.2,48.3,EF-05,False
ENV-300096,2026-05-06 12:00,F,26.4,49.4,EF-03,False
ENV-300097,2026-06-10 17:00,I,31.7,42.0,EF-04,False
ENV-300098,2026-05-10 17:00,A,25.9,45.1,EF-04,False
ENV-300099,2026-06-09 23:00,D,27.7,54.2,EF-08,False
ENV-300100,2026-07-02 20:00,F,28.4,54.1,EF-05,False
ENV-300101,2026-06-13 10:00,C,28.9,32.5,EF-04,False
ENV-300102,2026-06-14 08:00,I,19.7,73.8,EF-06,False
ENV-300103,2026-05-26 01:00,C,30.6,80.3,EF-03,False
ENV-300104,2026-07-13 02:00,D,30.2,56.3,EF-06,False
ENV-300105,2026-05-16 17:00,F,32.3,52.3,EF-02,False
ENV-300106,2026-06-15 03:00,F,16.6,47.2,EF-05,False
ENV-300107,2026-07-11 20:00,E,21.0,36.4,EF-08,False
ENV-300108,2026-06-04 00:00,D,21.0,79.8,EF-05,False
ENV-300109,2026-07-03 14:00,G,33.8,49.3,EF-04,False
ENV-300110,2026-07-01 20:00,H,23.2,60.6,EF-03,False
ENV-300111,2026-05-27 09:00,H,17.7,61.8,EF-02,False
ENV-300112,2026-04-30 02:00,C,26.8,35.9,EF-08,False
ENV-300113,2026-04-29 14:00,J,28.1,88.5,EF-06,False
ENV-300114,2026-07-20 09:00,G,26.5,11.9,EF-07,False
ENV-300115,2026-05-18 04:00,E,26.0,73.4,EF-04,False
ENV-300116,2026-07-13 08:00,F,25.8,69.4,EF-02,False
ENV-300117,2026-05-29 03:00,H,30.1,55.2,EF-02,False
ENV-300118,2026-07-17 01:00,G,35.5,54.3,EF-07,True
ENV-300119,2026-05-08 18:00,B,23.9,57.7,EF-07,False
ENV-300120,2026-07-21 10:00,C,22.0,41.3,EF-01,False
ENV-300121,2026-06-20 10:00,B,30.1,64.4,EF-05,False
ENV-300122,2026-06-07 05:00,D,31.9,44.2,EF-06,False
ENV-300123,2026-05-01 10:00,J,21.1,52.5,EF-04,False
ENV-300124,2026-05-16 04:00,D,30.1,82.8,EF-04,False
ENV-300125,2026-05-14 13:00,E,27.9,35.7,EF-05,False
ENV-300126,2026-05-26 08:00,A,36.1,44.0,EF-06,False
ENV-300127,2026-06-02 11:00,I,28.1,29.9,EF-03,False
ENV-300128,2026-05-27 00:00,C,28.2,95.0,EF-07,False
ENV-300129,2026-07-17 15:00,C,27.2,72.3,EF-07,True
ENV-300130,2026-06-28 16:00,C,29.0,36.8,EF-08,False
ENV-300131,2026-05-06 09:00,A,22.9,47.0,EF-02,False
ENV-300132,2026-06-26 10:00,J,25.5,44.7,EF-06,False
ENV-300133,2026-07-05 00:00,F,33.8,65.5,EF-05,False
ENV-300134,2026-07-26 07:00,B,23.9,46.3,EF-03,False
ENV-300135,2026-07-03 19:00,E,29.6,84.9,EF-05,False
ENV-300136,2026-07-13 11:00,E,17.5,21.8,EF-06,False
ENV-300137,2026-05-05 11:00,B,24.2,26.8,EF-08,False
ENV-300138,2026-05-24 21:00,I,23.3,57.4,EF-04,False
ENV-300139,2026-07-24 18:00,J,26.8,66.5,EF-06,False
ENV-300140,2026-06-10 04:00,G,25.5,61.1,EF-04,False
ENV-300141,2026-04-29 22:00,G,25.3,60.7,EF-07,False
ENV-300142,2026-06-18 15:00,C,35.5,71.6,EF-06,False
ENV-300143,2026-06-11 14:00,D,23.6,42.9,EF-05,False
ENV-300144,2026-05-31 20:00,C,18.6,65.0,EF-01,False
ENV-300145,2026-07-21 17:00,B,20.0,67.8,EF-03,False
ENV-300146,2026-06-18 02:00,C,20.8,40.7,EF-07,False
ENV-300147,2026-07-10 20:00,G,32.6,59.0,EF-07,False
ENV-300148,2026-05-31 17:00,G,28.2,67.2,EF-05,False
ENV-300149,2026-06-24 06:00,E,27.8,62.1,EF-01,False
ENV-300150,2026-05-31 22:00,D,31.6,38.3,EF-08,False
ENV-300151,2026-05-04 05:00,G,27.9,62.1,EF-04,False
ENV-300152,2026-07-05 11:00,H,21.7,56.6,EF-08,False
ENV-300153,2026-06-16 03:00,H,28.7,47.6,EF-06,False
ENV-300154,2026-07-20 12:00,E,34.8,61.5,EF-05,False
ENV-300155,2026-06-01 05:00,J,35.6,87.4,EF-05,False
ENV-300156,2026-05-14 13:00,A,28.6,79.6,EF-08,False
ENV-300157,2026-07-10 05:00,E,18.2,76.4,EF-08,False
ENV-300158,2026-07-06 12:00,D,29.2,59.6,EF-02,False
ENV-300159,2026-06-16 22:00,H,16.7,60.3,EF-04,False
ENV-300160,2026-06-23 00:00,F,24.0,75.3,EF-08,False
ENV-300161,2026-06-22 23:00,A,30.5,77.7,EF-04,False
ENV-300162,2026-05-26 13:00,I,21.7,61.1,EF-08,False
ENV-300163,2026-07-19 22:00,G,26.8,51.4,EF-05,False
ENV-300164,2026-06-26 01:00,E,24.0,42.5,EF-02,False
ENV-300165,2026-07-23 04:00,C,29.1,45.6,EF-04,False
ENV-300166,2026-07-05 14:00,B,21.3,57.4,EF-04,False
ENV-300167,2026-06-09 17:00,J,20.8,50.8,EF-02,False
ENV-300168,2026-05-27 16:00,J,20.2,24.5,EF-05,False
ENV-300169,2026-05-31 11:00,C,26.1,56.2,EF-03,False
ENV-300170,2026-05-24 11:00,E,29.2,44.8,EF-07,False
ENV-300171,2026-05-15 03:00,C,25.0,54.0,EF-07,False
ENV-300172,2026-05-19 21:00,G,25.8,68.7,EF-08,False
ENV-300173,2026-06-29 06:00,A,30.4,58.8,EF-01,False
ENV-300174,2026-07-05 07:00,I,22.3,65.3,EF-06,False
ENV-300175,2026-05-13 13:00,A,38.5,68.1,EF-06,False
ENV-300176,2026-06-18 01:00,I,31.4,76.3,EF-04,False
ENV-300177,2026-06-24 07:00,H,20.1,70.4,EF-06,False
ENV-300178,2026-06-20 10:00,D,18.4,46.5,EF-02,False
ENV-300179,2026-07-02 05:00,G,24.1,44.6,EF-04,False
ENV-300180,2026-07-22 02:00,G,23.9,43.6,EF-08,False
ENV-300181,2026-06-13 21:00,J,22.9,29.5,EF-05,False
ENV-300182,2026-07-03 10:00,H,21.5,70.0,EF-08,False
ENV-300183,2026-05-08 20:00,G,24.7,84.4,EF-01,False
ENV-300184,2026-06-05 02:00,E,21.8,37.9,EF-04,False
ENV-300185,2026-07-19 16:00,J,33.7,57.3,EF-03,False
ENV-300186,2026-06-14 05:00,C,24.7,63.1,EF-01,False
ENV-300187,2026-05-08 04:00,G,23.4,62.9,EF-05,False
ENV-300188,2026-05-14 18:00,D,28.3,66.9,EF-07,False
ENV-300189,2026-05-23 15:00,G,33.0,39.1,EF-04,False
ENV-300190,2026-07-10 07:00,B,25.2,59.3,EF-04,False
ENV-300191,2026-07-05 03:00,E,22.3,37.8,EF-07,False
ENV-300192,2026-05-09 03:00,B,26.6,31.3,EF-07,False
ENV-300193,2026-05-01 03:00,B,21.2,41.3,EF-05,False
ENV-300194,2026-06-05 05:00,D,26.2,71.6,EF-02,False
ENV-300195,2026-05-20 15:00,J,26.8,54.3,EF-01,False
ENV-300196,2026-05-18 06:00,A,24.7,86.2,EF-04,False
ENV-300197,2026-07-19 22:00,A,21.3,58.6,EF-08,False
ENV-300198,2026-06-07 12:00,J,27.0,45.2,EF-07,False
ENV-300199,2026-07-15 12:00,A,14.3,31.5,EF-05,False
ENV-300200,2026-05-11 23:00,G,36.4,62.6,EF-01,False
ENV-300201,2026-05-09 23:00,D,28.6,42.4,EF-05,False
ENV-300202,2026-06-07 14:00,E,23.2,26.0,EF-05,False
ENV-300203,2026-05-02 14:00,I,33.4,80.3,EF-07,False
ENV-300204,2026-05-10 18:00,C,32.6,58.3,EF-07,False
ENV-300205,2026-05-12 03:00,F,30.4,52.3,EF-07,False
ENV-300206,2026-05-02 12:00,G,31.8,65.6,EF-02,False
ENV-300207,2026-06-19 16:00,I,27.9,48.9,EF-02,False
ENV-300208,2026-06-16 18:00,C,22.9,59.5,EF-01,False
ENV-300209,2026-05-05 03:00,H,38.0,52.5,EF-03,False
ENV-300210,2026-07-18 18:00,C,24.7,65.5,EF-07,False
ENV-300211,2026-06-20 17:00,F,29.6,95.0,EF-04,False
ENV-300212,2026-07-08 17:00,J,29.9,55.2,EF-07,False
ENV-300213,2026-05-19 19:00,J,25.9,51.1,EF-02,False
ENV-300214,2026-06-01 03:00,J,28.2,49.6,EF-02,False
ENV-300215,2026-07-14 05:00,F,21.7,46.1,EF-04,False
ENV-300216,2026-05-07 01:00,F,31.4,51.9,EF-03,False
ENV-300217,2026-06-09 01:00,A,25.5,54.3,EF-05,False
ENV-300218,2026-05-08 09:00,H,21.5,63.7,EF-03,False
ENV-300219,2026-06-07 12:00,F,20.4,37.9,EF-06,False
ENV-300220,2026-06-21 23:00,J,32.5,53.5,EF-01,False
ENV-300221,2026-07-23 02:00,F,21.7,53.3,EF-07,False
ENV-300222,2026-07-14 12:00,D,24.2,44.9,EF-01,False
ENV-300223,2026-05-16 06:00,C,32.7,71.8,EF-08,False
ENV-300224,2026-06-05 11:00,G,31.2,61.5,EF-06,False
ENV-300225,2026-05-06 13:00,B,27.9,42.8,EF-03,False
ENV-300226,2026-07-08 22:00,A,29.8,48.8,EF-04,False
ENV-300227,2026-07-08 13:00,J,26.3,67.7,EF-04,False
ENV-300228,2026-06-20 01:00,I,30.9,48.4,EF-01,False
ENV-300229,2026-07-10 10:00,B,25.3,30.4,EF-05,False
ENV-300230,2026-07-23 14:00,C,27.6,84.8,EF-03,False
ENV-300231,2026-07-21 13:00,A,27.8,62.5,EF-07,False
ENV-300232,2026-04-30 18:00,F,29.6,48.1,EF-05,False
ENV-300233,2026-05-27 00:00,G,27.5,58.6,EF-06,False
ENV-300234,2026-06-21 06:00,A,27.0,28.5,EF-02,False
ENV-300235,2026-06-20 04:00,C,11.5,38.7,EF-03,False
ENV-300236,2026-07-23 03:00,A,29.2,69.9,EF-02,False
ENV-300237,2026-05-06 22:00,H,26.5,68.0,EF-05,False
ENV-300238,2026-06-26 22:00,I,27.5,30.1,EF-08,False
ENV-300239,2026-07-27 20:00,J,32.2,42.8,EF-08,False
ENV-300240,2026-06-09 11:00,E,32.8,60.2,EF-03,False
ENV-300241,2026-05-24 14:00,C,37.2,67.6,EF-05,False
ENV-300242,2026-05-28 10:00,B,32.6,33.6,EF-03,False
ENV-300243,2026-05-03 12:00,I,33.5,46.7,EF-07,False
ENV-300244,2026-07-06 10:00,F,10.9,71.0,EF-06,False
ENV-300245,2026-06-11 12:00,D,30.3,47.7,EF-02,False
ENV-300246,2026-06-29 01:00,E,30.8,40.6,EF-02,False
ENV-300247,2026-05-22 22:00,C,28.5,52.3,EF-03,False
ENV-300248,2026-05-08 07:00,F,28.2,36.7,EF-05,False
ENV-300249,2026-06-16 09:00,A,17.2,55.1,EF-03,False
ENV-300250,2026-04-29 07:00,H,25.9,58.8,EF-02,False
ENV-300251,2026-05-13 22:00,J,27.1,48.2,EF-04,False
ENV-300252,2026-05-05 14:00,C,27.5,43.7,EF-06,False
ENV-300253,2026-06-14 02:00,J,31.0,28.2,EF-01,False
ENV-300254,2026-06-13 02:00,B,24.0,71.8,EF-01,False
ENV-300255,2026-07-02 02:00,J,22.7,54.6,EF-08,False
ENV-300256,2026-06-29 21:00,A,29.1,44.4,EF-02,False
ENV-300257,2026-05-05 07:00,C,23.7,33.6,EF-05,False
ENV-300258,2026-05-30 07:00,E,28.0,54.1,EF-01,False
ENV-300259,2026-06-02 00:00,I,26.8,53.4,EF-07,False
ENV-300260,2026-07-11 01:00,A,23.7,45.3,EF-03,False
ENV-300261,2026-06-04 07:00,A,27.3,58.4,EF-08,False
ENV-300262,2026-07-18 22:00,D,22.1,67.5,EF-03,False
ENV-300263,2026-07-05 02:00,J,25.7,72.7,EF-05,False
ENV-300264,2026-04-29 19:00,A,26.5,46.3,EF-07,False
ENV-300265,2026-05-26 22:00,B,33.3,44.8,EF-02,False
ENV-300266,2026-05-28 09:00,I,28.9,72.5,EF-03,False
ENV-300267,2026-05-24 05:00,I,20.9,51.1,EF-01,False
ENV-300268,2026-07-05 21:00,B,24.4,49.0,EF-08,False
ENV-300269,2026-07-14 13:00,C,30.3,40.1,EF-01,False
ENV-300270,2026-06-01 08:00,I,31.0,64.4,EF-05,False
ENV-300271,2026-05-21 11:00,J,24.2,87.4,EF-05,False
ENV-300272,2026-06-05 11:00,E,26.1,40.9,EF-02,False
ENV-300273,2026-06-16 08:00,J,28.4,62.4,EF-03,False
ENV-300274,2026-07-19 19:00,F,27.2,64.2,EF-05,False
ENV-300275,2026-07-09 01:00,F,31.2,23.6,EF-03,False
ENV-300276,2026-07-08 00:00,E,20.7,21.3,EF-02,False
ENV-300277,2026-05-13 22:00,C,22.1,70.6,EF-03,False
ENV-300278,2026-05-12 09:00,A,30.9,33.2,EF-04,False
ENV-300279,2026-07-20 04:00,A,33.7,66.9,EF-03,False
ENV-300280,2026-06-15 08:00,A,43.2,41.6,EF-03,False
ENV-300281,2026-06-15 03:00,C,29.6,73.2,EF-06,False
ENV-300282,2026-06-27 01:00,H,24.7,46.4,EF-01,False
ENV-300283,2026-07-07 18:00,J,21.1,58.3,EF-08,False
ENV-300284,2026-07-17 20:00,E,22.4,54.6,EF-05,False
ENV-300285,2026-06-07 22:00,G,33.1,68.3,EF-03,False
ENV-300286,2026-06-29 13:00,I,22.6,41.7,EF-05,False
ENV-300287,2026-07-07 12:00,D,22.1,48.3,EF-07,False
ENV-300288,2026-05-11 14:00,G,17.2,50.6,EF-08,False
ENV-300289,2026-06-10 09:00,B,37.8,68.9,EF-06,False
ENV-300290,2026-05-19 19:00,A,30.8,58.6,EF-04,False
ENV-300291,2026-05-15 21:00,J,28.0,25.4,EF-08,False
ENV-300292,2026-04-30 22:00,I,34.4,23.0,EF-04,False
ENV-300293,2026-07-02 00:00,E,23.8,50.6,EF-06,False
ENV-300294,2026-05-20 08:00,C,22.7,63.2,EF-02,False
ENV-300295,2026-07-14 09:00,F,19.5,52.9,EF-03,False
ENV-300296,2026-06-05 16:00,D,16.7,40.6,EF-04,False
ENV-300297,2026-06-22 18:00,C,22.4,52.7,EF-05,False
ENV-300298,2026-05-20 13:00,H,25.6,54.9,EF-07,False
ENV-300299,2026-06-08 04:00,C,24.8,72.3,EF-04,False
ENV-300300,2026-05-27 16:00,D,24.4,70.9,EF-01,False
ENV-300301,2026-06-25 14:00,F,24.3,30.7,EF-06,False
ENV-300302,2026-05-17 15:00,F,27.0,77.8,EF-04,False
ENV-300303,2026-07-02 08:00,G,27.5,52.6,EF-08,False
ENV-300304,2026-06-02 04:00,D,35.6,43.3,EF-06,False
ENV-300305,2026-07-15 03:00,H,31.6,81.7,EF-07,False
ENV-300306,2026-07-22 16:00,D,27.2,63.3,EF-05,False
ENV-300307,2026-07-14 06:00,B,35.7,69.9,EF-07,False
ENV-300308,2026-05-25 10:00,B,36.1,34.2,EF-05,False
ENV-300309,2026-06-19 17:00,C,24.9,42.8,EF-04,False
ENV-300310,2026-06-17 10:00,I,32.9,58.2,EF-07,False
ENV-300311,2026-05-15 14:00,I,23.1,68.6,EF-05,False
ENV-300312,2026-05-01 20:00,C,27.0,61.6,EF-05,False
ENV-300313,2026-06-25 19:00,E,21.2,62.0,EF-02,False
ENV-300314,2026-07-16 05:00,J,21.6,52.9,EF-06,False
ENV-300315,2026-05-02 07:00,A,19.0,53.9,EF-06,False
ENV-300316,2026-05-18 18:00,B,37.3,56.4,EF-08,False
ENV-300317,2026-06-10 18:00,D,28.0,36.0,EF-02,False
ENV-300318,2026-06-05 06:00,G,28.0,71.5,EF-07,False
ENV-300319,2026-06-17 08:00,F,26.5,56.4,EF-02,False
ENV-300320,2026-06-12 04:00,A,32.9,62.6,EF-06,False
ENV-300321,2026-05-15 20:00,I,30.3,35.2,EF-03,False
ENV-300322,2026-05-20 18:00,G,21.4,64.6,EF-08,False
ENV-300323,2026-07-03 01:00,A,34.3,59.0,EF-07,False
ENV-300324,2026-05-07 19:00,B,18.6,70.6,EF-06,False
ENV-300325,2026-06-04 02:00,G,26.4,54.6,EF-07,False
ENV-300326,2026-05-10 00:00,I,36.0,66.4,EF-05,False
ENV-300327,2026-06-19 23:00,G,30.3,65.8,EF-02,False
ENV-300328,2026-06-03 08:00,D,23.3,71.2,EF-01,False
ENV-300329,2026-05-30 18:00,I,30.8,46.4,EF-03,False
ENV-300330,2026-06-06 15:00,B,29.4,43.5,EF-04,False
ENV-300331,2026-05-16 16:00,E,16.1,53.3,EF-04,False
ENV-300332,2026-05-31 23:00,H,31.8,59.5,EF-05,False
ENV-300333,2026-07-12 07:00,C,21.8,33.5,EF-06,False
ENV-300334,2026-07-11 20:00,A,18.5,48.2,EF-02,False
ENV-300335,2026-06-17 15:00,D,32.7,45.1,EF-03,False
ENV-300336,2026-06-22 13:00,G,22.7,61.2,EF-04,False
ENV-300337,2026-05-01 21:00,D,25.2,70.4,EF-07,False
ENV-300338,2026-07-27 08:00,J,32.6,36.1,EF-01,False
ENV-300339,2026-05-14 19:00,H,32.3,45.8,EF-01,False
ENV-300340,2026-07-23 03:00,E,26.8,70.9,EF-03,False
ENV-300341,2026-06-13 04:00,I,23.5,62.4,EF-06,False
ENV-300342,2026-05-02 11:00,D,31.9,42.0,EF-08,False
ENV-300343,2026-05-05 18:00,D,26.8,52.1,EF-08,False
ENV-300344,2026-07-02 00:00,C,31.1,66.7,EF-03,False
ENV-300345,2026-06-13 20:00,F,32.7,48.7,EF-08,False
ENV-300346,2026-05-04 15:00,D,28.5,51.4,EF-05,False
ENV-300347,2026-07-19 16:00,J,26.5,51.7,EF-03,False
ENV-300348,2026-06-14 10:00,G,25.3,74.6,EF-06,False
ENV-300349,2026-07-04 06:00,B,32.9,25.3,EF-06,False
ENV-300350,2026-06-23 03:00,F,28.6,30.0,EF-03,False
ENV-300351,2026-04-29 17:00,I,23.2,65.9,EF-07,False
ENV-300352,2026-06-28 01:00,D,27.2,65.1,EF-04,False
ENV-300353,2026-05-25 16:00,G,29.5,68.9,EF-05,False
ENV-300354,2026-06-30 07:00,C,26.2,79.0,EF-08,False
ENV-300355,2026-05-26 16:00,G,30.5,55.1,EF-01,False
ENV-300356,2026-07-25 06:00,A,32.0,50.2,EF-06,False
ENV-300357,2026-05-31 20:00,F,23.5,74.9,EF-02,False
ENV-300358,2026-05-24 00:00,J,31.1,41.8,EF-05,False
ENV-300359,2026-05-09 08:00,I,27.8,69.7,EF-06,False
ENV-300360,2026-05-31 03:00,B,21.1,51.4,EF-07,False
ENV-300361,2026-06-24 12:00,A,19.5,30.1,EF-01,False
ENV-300362,2026-05-10 20:00,C,26.2,62.4,EF-01,False
ENV-300363,2026-06-06 14:00,D,28.1,46.9,EF-01,False
ENV-300364,2026-05-27 08:00,E,34.7,55.6,EF-04,False
ENV-300365,2026-06-01 08:00,G,32.5,61.2,EF-05,False
ENV-300366,2026-05-30 06:00,H,25.8,22.9,EF-08,False
ENV-300367,2026-05-13 06:00,E,29.9,78.4,EF-03,False
ENV-300368,2026-07-17 21:00,B,23.4,47.2,EF-07,True
ENV-300369,2026-06-20 14:00,C,28.6,28.9,EF-04,False
ENV-300370,2026-07-03 01:00,F,26.6,51.5,EF-05,False
ENV-300371,2026-05-12 11:00,E,21.4,36.2,EF-01,False
ENV-300372,2026-06-16 12:00,C,20.6,65.7,EF-07,False
ENV-300373,2026-06-25 23:00,I,33.5,31.7,EF-04,False
ENV-300374,2026-05-07 03:00,D,21.7,66.9,EF-01,False
ENV-300375,2026-05-23 23:00,J,21.8,62.1,EF-08,False
ENV-300376,2026-05-26 18:00,I,26.0,43.4,EF-03,False
ENV-300377,2026-06-22 02:00,J,30.5,79.4,EF-03,False
ENV-300378,2026-04-30 12:00,C,22.0,43.9,EF-01,False
ENV-300379,2026-05-23 22:00,G,30.9,58.7,EF-01,False
ENV-300380,2026-06-29 09:00,D,23.4,75.6,EF-07,False
ENV-300381,2026-07-14 06:00,I,22.6,30.3,EF-07,False
ENV-300382,2026-06-08 11:00,A,27.7,49.7,EF-07,False
ENV-300383,2026-06-18 18:00,B,21.6,37.4,EF-07,False
ENV-300384,2026-05-12 19:00,C,35.5,56.3,EF-05,False
ENV-300385,2026-05-14 13:00,F,31.0,46.2,EF-01,False
ENV-300386,2026-07-01 14:00,B,26.0,93.5,EF-01,False
ENV-300387,2026-07-20 23:00,G,30.5,52.5,EF-03,False
ENV-300388,2026-07-11 00:00,I,26.3,44.3,EF-01,False
ENV-300389,2026-05-09 01:00,B,29.6,58.0,EF-05,False
ENV-300390,2026-06-04 19:00,H,28.3,42.4,EF-06,False
ENV-300391,2026-06-15 14:00,G,24.6,64.3,EF-01,False
ENV-300392,2026-06-08 07:00,D,22.4,50.3,EF-07,False
ENV-300393,2026-06-18 10:00,F,29.6,54.5,EF-05,False
ENV-300394,2026-05-03 01:00,H,23.5,40.1,EF-04,False
ENV-300395,2026-06-09 19:00,F,32.3,39.9,EF-07,False
ENV-300396,2026-05-31 13:00,H,28.5,56.0,EF-08,False
ENV-300397,2026-05-26 18:00,I,18.6,52.6,EF-03,False
ENV-300398,2026-07-09 09:00,H,23.3,46.7,EF-04,False
ENV-300399,2026-06-09 03:00,A,23.9,84.8,EF-07,False
ENV-300400,2026-07-04 17:00,D,22.2,74.9,EF-07,False
ENV-300401,2026-06-30 00:00,I,32.0,74.0,EF-05,False
ENV-300402,2026-05-11 07:00,F,24.5,72.0,EF-02,False
ENV-300403,2026-06-29 14:00,E,25.8,23.9,EF-01,False
ENV-300404,2026-07-09 01:00,I,27.1,56.6,EF-02,False
ENV-300405,2026-05-14 14:00,A,28.9,71.9,EF-02,False
ENV-300406,2026-05-22 08:00,C,30.9,46.8,EF-06,False
ENV-300407,2026-04-30 11:00,E,24.6,78.0,EF-06,False
ENV-300408,2026-05-06 12:00,A,28.7,57.7,EF-04,False
ENV-300409,2026-05-01 11:00,B,27.5,53.6,EF-04,False
ENV-300410,2026-04-29 21:00,I,27.2,65.5,EF-07,False
ENV-300411,2026-05-29 18:00,G,24.4,32.5,EF-05,False
ENV-300412,2026-06-20 13:00,J,30.2,42.8,EF-06,False
ENV-300413,2026-05-25 17:00,H,27.8,44.9,EF-07,False
ENV-300414,2026-07-10 20:00,G,28.8,44.6,EF-02,False
ENV-300415,2026-06-04 03:00,G,20.6,55.6,EF-05,False
ENV-300416,2026-07-15 18:00,A,12.3,70.2,EF-07,False
ENV-300417,2026-07-04 18:00,I,36.4,55.2,EF-07,False
ENV-300418,2026-05-24 07:00,A,15.5,72.6,EF-04,False
ENV-300419,2026-07-09 19:00,J,26.3,42.0,EF-08,False
ENV-300420,2026-07-23 05:00,F,22.0,55.3,EF-07,False
ENV-300421,2026-06-24 23:00,I,24.3,48.1,EF-02,False
ENV-300422,2026-07-05 08:00,C,23.7,60.2,EF-01,False
ENV-300423,2026-07-06 19:00,D,26.1,43.7,EF-08,False
ENV-300424,2026-05-26 16:00,H,23.9,42.7,EF-02,False
ENV-300425,2026-07-26 00:00,I,30.8,59.0,EF-07,False
ENV-300426,2026-06-30 04:00,D,32.2,50.5,EF-07,False
ENV-300427,2026-05-23 16:00,F,24.1,62.3,EF-04,False
ENV-300428,2026-05-10 12:00,H,18.9,45.6,EF-04,False
ENV-300429,2026-05-08 16:00,F,24.8,37.7,EF-03,False
ENV-300430,2026-07-25 23:00,G,26.6,64.9,EF-07,False
ENV-300431,2026-07-10 07:00,A,26.5,78.8,EF-06,False
ENV-300432,2026-06-02 23:00,E,34.3,76.5,EF-04,False
ENV-300433,2026-07-20 13:00,E,33.3,44.1,EF-01,False
ENV-300434,2026-06-07 13:00,I,21.7,55.5,EF-03,False
ENV-300435,2026-07-06 10:00,J,31.2,51.8,EF-02,False
ENV-300436,2026-07-02 22:00,G,28.6,39.8,EF-07,False
ENV-300437,2026-06-16 13:00,F,28.3,62.9,EF-03,False
ENV-300438,2026-05-15 14:00,A,19.4,53.4,EF-03,False
ENV-300439,2026-07-12 04:00,C,29.9,88.0,EF-01,False
ENV-300440,2026-05-20 22:00,F,27.1,70.6,EF-07,False
ENV-300441,2026-06-10 17:00,J,21.6,38.7,EF-04,False
ENV-300442,2026-07-17 00:00,I,23.2,30.8,EF-07,True
ENV-300443,2026-07-23 10:00,G,23.0,72.4,EF-02,False
ENV-300444,2026-05-12 12:00,G,19.3,75.5,EF-03,False
ENV-300445,2026-05-13 11:00,D,28.7,70.6,EF-02,False
ENV-300446,2026-06-13 15:00,B,29.5,45.5,EF-05,False
ENV-300447,2026-07-11 12:00,J,23.5,73.7,EF-03,False
ENV-300448,2026-05-13 03:00,G,30.8,55.6,EF-03,False
ENV-300449,2026-05-01 13:00,C,27.7,45.9,EF-04,False
ENV-300450,2026-05-21 16:00,B,28.7,45.7,EF-02,False
ENV-300451,2026-05-18 13:00,F,33.4,59.0,EF-05,False
ENV-300452,2026-07-23 02:00,J,37.2,56.2,EF-05,False
ENV-300453,2026-05-16 11:00,D,26.7,56.7,EF-03,False
ENV-300454,2026-05-01 14:00,D,29.7,55.1,EF-06,False
ENV-300455,2026-06-21 17:00,I,24.6,51.4,EF-07,False
ENV-300456,2026-06-22 00:00,E,30.7,47.5,EF-07,False
ENV-300457,2026-06-26 01:00,J,34.9,75.3,EF-07,False
ENV-300458,2026-06-02 01:00,G,39.3,49.6,EF-08,False
ENV-300459,2026-06-04 06:00,D,33.0,49.2,EF-06,False
ENV-300460,2026-05-29 19:00,C,26.7,53.7,EF-05,False
ENV-300461,2026-07-08 03:00,B,33.3,45.7,EF-07,False
ENV-300462,2026-07-17 21:00,G,31.6,55.1,EF-04,False
ENV-300463,2026-06-28 18:00,B,19.1,48.5,EF-05,False
ENV-300464,2026-05-24 07:00,H,27.8,72.8,EF-01,False
ENV-300465,2026-06-28 06:00,B,24.1,71.1,EF-01,False
ENV-300466,2026-07-11 18:00,H,24.4,49.6,EF-05,False
ENV-300467,2026-05-14 15:00,J,25.8,52.4,EF-08,False
ENV-300468,2026-07-26 02:00,E,23.2,36.8,EF-02,False
ENV-300469,2026-07-15 11:00,F,24.7,52.5,EF-04,False
ENV-300470,2026-07-26 11:00,I,23.6,57.5,EF-05,False
ENV-300471,2026-07-03 13:00,F,34.6,59.9,EF-05,False
ENV-300472,2026-06-17 22:00,G,22.4,68.5,EF-02,False
ENV-300473,2026-07-23 06:00,F,19.5,42.8,EF-07,False
ENV-300474,2026-07-08 12:00,I,34.4,49.1,EF-01,False
ENV-300475,2026-06-14 11:00,B,20.6,49.6,EF-08,False
ENV-300476,2026-05-01 04:00,C,32.9,46.8,EF-04,False
ENV-300477,2026-05-31 10:00,J,24.1,90.4,EF-06,False
ENV-300478,2026-06-02 17:00,H,24.3,39.2,EF-07,False
ENV-300479,2026-05-22 02:00,D,25.0,48.1,EF-03,False
ENV-300480,2026-07-04 23:00,H,31.3,49.8,EF-06,False
ENV-300481,2026-07-16 03:00,B,28.9,67.0,EF-07,True
ENV-300482,2026-05-21 20:00,H,26.3,53.3,EF-08,False
ENV-300483,2026-05-02 23:00,D,27.1,49.9,EF-05,False
ENV-300484,2026-06-21 05:00,E,19.9,53.6,EF-06,False
ENV-300485,2026-06-30 23:00,G,26.3,57.7,EF-03,False
ENV-300486,2026-06-18 00:00,I,27.0,64.7,EF-02,False
ENV-300487,2026-07-06 20:00,H,30.4,46.2,EF-04,False
ENV-300488,2026-07-25 02:00,B,30.3,68.7,EF-05,False
ENV-300489,2026-07-26 21:00,J,34.3,72.9,EF-06,False
ENV-300490,2026-05-31 14:00,A,27.5,42.2,EF-01,False
ENV-300491,2026-05-20 04:00,H,28.5,63.0,EF-07,False
ENV-300492,2026-05-16 15:00,C,22.3,73.9,EF-01,False
ENV-300493,2026-07-17 09:00,J,37.6,75.8,EF-07,True
ENV-300494,2026-05-06 09:00,H,27.9,68.2,EF-01,False
ENV-300495,2026-06-29 06:00,D,20.4,48.4,EF-01,False
ENV-300496,2026-05-22 10:00,G,22.3,55.4,EF-03,False
ENV-300497,2026-07-04 18:00,J,33.8,47.8,EF-02,False
ENV-300498,2026-06-20 16:00,B,23.3,72.1,EF-08,False
ENV-300499,2026-06-05 12:00,I,34.9,79.2,EF-02,False
ENV-300500,2026-07-10 08:00,G,31.9,55.2,EF-01,False
ENV-300501,2026-07-14 17:00,J,24.0,56.0,EF-05,False
ENV-300502,2026-06-14 19:00,I,25.9,36.3,EF-01,False
ENV-300503,2026-05-25 09:00,G,32.6,65.8,EF-03,False
ENV-300504,2026-05-27 10:00,J,24.1,55.8,EF-01,False
ENV-300505,2026-05-15 09:00,I,25.2,81.2,EF-02,False
ENV-300506,2026-05-23 12:00,I,25.3,50.7,EF-08,False
ENV-300507,2026-07-26 23:00,D,33.1,64.9,EF-08,False
ENV-300508,2026-05-18 19:00,C,31.0,87.9,EF-03,False
ENV-300509,2026-06-22 09:00,G,25.9,34.4,EF-06,False
ENV-300510,2026-06-12 12:00,H,27.5,71.9,EF-05,False
ENV-300511,2026-06-11 23:00,H,31.1,44.9,EF-01,False
ENV-300512,2026-05-13 03:00,C,21.1,69.5,EF-08,False
ENV-300513,2026-05-23 05:00,J,29.1,40.3,EF-04,False
ENV-300514,2026-07-02 05:00,B,25.9,87.9,EF-04,False
ENV-300515,2026-06-29 05:00,D,19.2,52.0,EF-07,False
ENV-300516,2026-07-03 19:00,A,28.6,39.7,EF-03,False
ENV-300517,2026-07-26 18:00,G,24.6,48.5,EF-05,False
ENV-300518,2026-06-17 07:00,J,14.5,75.3,EF-05,False
ENV-300519,2026-07-20 21:00,D,25.8,41.2,EF-03,False
ENV-300520,2026-07-02 12:00,C,22.8,53.0,EF-01,False
ENV-300521,2026-06-15 07:00,F,26.9,57.4,EF-02,False
ENV-300522,2026-06-16 09:00,E,27.5,44.7,EF-05,False
ENV-300523,2026-06-24 23:00,D,32.2,23.5,EF-08,False
ENV-300524,2026-05-08 16:00,I,29.2,62.0,EF-08,False
ENV-300525,2026-06-06 22:00,E,30.0,61.8,EF-06,False
ENV-300526,2026-07-05 03:00,J,28.7,58.2,EF-01,False
ENV-300527,2026-06-27 05:00,I,24.3,73.6,EF-06,False
ENV-300528,2026-07-16 15:00,B,22.2,60.3,EF-01,False
ENV-300529,2026-07-25 19:00,D,17.5,70.9,EF-03,False
ENV-300530,2026-05-28 09:00,A,27.5,73.6,EF-03,False
ENV-300531,2026-07-05 14:00,G,30.9,55.3,EF-05,False
ENV-300532,2026-07-25 13:00,J,26.7,95.0,EF-02,False
ENV-300533,2026-05-15 03:00,J,22.1,49.2,EF-01,False
ENV-300534,2026-07-10 10:00,I,38.2,47.8,EF-07,False
ENV-300535,2026-06-25 11:00,D,25.0,48.2,EF-08,False
ENV-300536,2026-06-01 17:00,I,32.6,39.7,EF-01,False
ENV-300537,2026-05-24 06:00,I,24.1,32.2,EF-08,False
ENV-300538,2026-07-05 14:00,F,30.6,62.0,EF-07,False
ENV-300539,2026-06-21 18:00,G,33.3,25.5,EF-07,False
ENV-300540,2026-06-23 12:00,F,28.1,47.9,EF-08,False
ENV-300541,2026-05-24 23:00,D,20.5,64.3,EF-01,False
ENV-300542,2026-06-12 00:00,D,25.2,47.3,EF-03,False
ENV-300543,2026-07-20 03:00,J,18.5,69.1,EF-03,False
ENV-300544,2026-06-27 05:00,A,28.0,63.7,EF-06,False
ENV-300545,2026-05-03 07:00,E,30.3,54.3,EF-03,False
ENV-300546,2026-07-02 18:00,C,24.6,55.8,EF-08,False
ENV-300547,2026-06-01 14:00,F,32.4,56.6,EF-07,False
ENV-300548,2026-05-01 19:00,E,29.6,34.0,EF-04,False
ENV-300549,2026-05-14 13:00,H,28.3,52.6,EF-01,False
ENV-300550,2026-06-04 01:00,J,15.9,56.3,EF-04,False
ENV-300551,2026-07-08 12:00,G,33.1,60.2,EF-01,False
ENV-300552,2026-07-26 06:00,C,24.7,44.9,EF-03,False
ENV-300553,2026-07-20 14:00,F,18.4,39.6,EF-01,False
ENV-300554,2026-05-07 19:00,D,18.5,61.7,EF-07,False
ENV-300555,2026-07-06 08:00,I,26.8,52.2,EF-07,False
ENV-300556,2026-07-14 13:00,E,28.4,92.4,EF-04,False
ENV-300557,2026-05-25 09:00,F,19.7,53.8,EF-01,False
ENV-300558,2026-07-06 02:00,J,18.8,54.1,EF-03,False
ENV-300559,2026-06-04 08:00,C,19.4,55.6,EF-06,False
ENV-300560,2026-05-22 04:00,C,23.8,47.0,EF-06,False
ENV-300561,2026-07-19 09:00,D,24.0,44.7,EF-04,False
ENV-300562,2026-05-01 03:00,J,36.3,68.7,EF-03,False
ENV-300563,2026-06-15 13:00,A,32.6,54.9,EF-03,False
ENV-300564,2026-05-19 16:00,B,17.6,46.1,EF-07,False
ENV-300565,2026-05-29 21:00,I,26.6,56.3,EF-07,False
ENV-300566,2026-05-19 15:00,H,27.8,46.6,EF-02,False
ENV-300567,2026-07-05 08:00,B,30.1,72.4,EF-07,False
ENV-300568,2026-05-01 08:00,A,33.1,63.4,EF-06,False
ENV-300569,2026-07-11 04:00,E,25.0,62.4,EF-06,False
ENV-300570,2026-06-25 12:00,C,22.7,60.0,EF-02,False
ENV-300571,2026-05-07 22:00,G,25.3,39.6,EF-03,False
ENV-300572,2026-05-08 13:00,A,40.1,39.8,EF-03,False
ENV-300573,2026-05-22 00:00,F,28.8,50.2,EF-05,False
ENV-300574,2026-06-16 18:00,J,32.6,29.4,EF-06,False
ENV-300575,2026-07-26 11:00,B,19.2,57.6,EF-04,False
ENV-300576,2026-06-26 00:00,J,29.3,81.3,EF-08,False
ENV-300577,2026-07-06 15:00,C,37.8,12.3,EF-05,False
ENV-300578,2026-06-30 13:00,B,28.7,46.2,EF-06,False
ENV-300579,2026-05-18 08:00,H,19.2,67.4,EF-01,False
ENV-300580,2026-05-28 22:00,G,21.3,63.3,EF-01,False
ENV-300581,2026-06-14 18:00,A,25.4,76.4,EF-02,False
ENV-300582,2026-07-20 19:00,D,29.6,50.9,EF-05,False
ENV-300583,2026-05-28 05:00,B,34.6,63.5,EF-07,False
ENV-300584,2026-06-29 07:00,I,29.3,71.8,EF-01,False
ENV-300585,2026-04-30 10:00,C,28.3,65.1,EF-06,False
ENV-300586,2026-04-30 12:00,J,28.7,55.6,EF-04,False
ENV-300587,2026-06-20 01:00,J,36.9,46.6,EF-01,False
ENV-300588,2026-05-16 09:00,E,27.3,54.7,EF-01,False
ENV-300589,2026-06-17 05:00,D,30.3,10.0,EF-05,False
ENV-300590,2026-05-26 01:00,A,22.7,23.8,EF-08,False
ENV-300591,2026-06-22 02:00,I,28.9,88.9,EF-03,False
ENV-300592,2026-06-22 23:00,E,23.3,76.5,EF-05,False
ENV-300593,2026-06-25 02:00,J,25.1,59.9,EF-05,False
ENV-300594,2026-07-08 19:00,B,21.3,81.0,EF-04,False
ENV-300595,2026-06-23 23:00,H,25.4,59.7,EF-01,False
ENV-300596,2026-06-24 20:00,H,31.4,55.4,EF-08,False
ENV-300597,2026-05-18 02:00,H,25.1,70.2,EF-01,False
ENV-300598,2026-06-03 11:00,B,35.1,52.8,EF-06,False
ENV-300599,2026-07-10 05:00,A,20.9,51.0,EF-08,False
ENV-300600,2026-05-06 12:00,G,25.0,53.4,EF-04,False
ENV-300601,2026-06-17 19:00,E,29.2,56.9,EF-04,False
ENV-300602,2026-06-27 15:00,H,35.5,57.7,EF-08,False
ENV-300603,2026-06-06 12:00,E,29.6,73.8,EF-04,False
ENV-300604,2026-05-14 11:00,H,23.4,48.8,EF-01,False
ENV-300605,2026-05-28 20:00,B,34.5,53.1,EF-08,False
ENV-300606,2026-07-02 08:00,J,30.2,44.9,EF-03,False
ENV-300607,2026-07-08 01:00,I,22.8,44.6,EF-02,False
ENV-300608,2026-07-25 00:00,I,20.5,31.6,EF-01,False
ENV-300609,2026-06-18 17:00,A,36.1,41.9,EF-01,False
ENV-300610,2026-05-31 09:00,A,32.6,68.5,EF-07,False
ENV-300611,2026-06-13 08:00,J,27.5,67.6,EF-08,False
ENV-300612,2026-05-29 23:00,I,20.2,35.5,EF-04,False
ENV-300613,2026-06-24 01:00,E,27.8,81.3,EF-04,False
ENV-300614,2026-04-29 20:00,C,26.5,65.4,EF-06,False
ENV-300615,2026-06-26 11:00,F,30.6,48.0,EF-07,False
ENV-300616,2026-06-28 09:00,A,24.2,45.8,EF-05,False
ENV-300617,2026-06-15 02:00,G,21.0,80.0,EF-04,False
ENV-300618,2026-04-30 21:00,A,32.9,53.9,EF-05,False
ENV-300619,2026-07-16 17:00,D,18.5,50.5,EF-07,True
ENV-300620,2026-04-30 10:00,J,28.4,47.3,EF-06,False
ENV-300621,2026-07-23 11:00,G,29.9,50.2,EF-03,False
ENV-300622,2026-06-04 11:00,C,24.0,48.1,EF-01,False
ENV-300623,2026-06-29 09:00,G,29.7,50.3,EF-06,False
ENV-300624,2026-07-15 11:00,G,28.3,55.7,EF-01,False
ENV-300625,2026-07-02 01:00,I,27.5,71.8,EF-01,False
ENV-300626,2026-05-16 00:00,H,25.4,47.6,EF-03,False
ENV-300627,2026-06-29 16:00,C,32.2,62.8,EF-02,False
ENV-300628,2026-07-04 20:00,J,23.6,63.2,EF-07,False
ENV-300629,2026-07-21 23:00,E,28.5,46.8,EF-05,False
ENV-300630,2026-05-30 12:00,A,21.7,53.0,EF-06,False
ENV-300631,2026-06-17 23:00,E,22.6,61.0,EF-03,False
ENV-300632,2026-06-21 07:00,A,28.1,48.1,EF-07,False
ENV-300633,2026-07-14 09:00,H,28.1,52.8,EF-04,False
ENV-300634,2026-05-03 05:00,A,34.8,26.7,EF-06,False
ENV-300635,2026-07-08 16:00,F,20.7,79.7,EF-06,False
ENV-300636,2026-06-01 19:00,G,23.0,47.8,EF-03,False
ENV-300637,2026-05-20 17:00,H,18.7,49.9,EF-01,False
ENV-300638,2026-04-29 02:00,I,31.5,56.4,EF-04,False
ENV-300639,2026-06-27 09:00,H,20.7,61.5,EF-05,False
ENV-300640,2026-07-19 06:00,I,21.5,72.1,EF-07,False
ENV-300641,2026-05-27 05:00,D,28.6,63.3,EF-01,False
ENV-300642,2026-06-04 00:00,G,32.1,52.8,EF-05,False
ENV-300643,2026-04-29 05:00,G,26.3,27.7,EF-02,False
ENV-300644,2026-06-17 14:00,B,23.7,58.4,EF-02,False
ENV-300645,2026-06-14 03:00,J,28.9,57.7,EF-04,False
ENV-300646,2026-07-05 23:00,I,27.8,51.7,EF-05,False
ENV-300647,2026-06-05 18:00,F,22.9,52.9,EF-05,False
ENV-300648,2026-06-05 16:00,H,28.0,65.0,EF-07,False
ENV-300649,2026-05-20 11:00,E,37.0,42.1,EF-05,False
ENV-300650,2026-06-28 13:00,B,25.9,57.8,EF-02,False
ENV-300651,2026-07-23 00:00,I,28.4,77.1,EF-06,False
ENV-300652,2026-06-12 05:00,B,20.6,59.2,EF-05,False
ENV-300653,2026-05-26 15:00,I,36.2,55.4,EF-04,False
ENV-300654,2026-07-13 17:00,J,35.8,83.9,EF-05,False
ENV-300655,2026-07-24 03:00,I,28.6,63.7,EF-03,False
ENV-300656,2026-06-19 01:00,D,24.7,77.7,EF-03,False
ENV-300657,2026-05-23 02:00,E,28.8,46.5,EF-08,False
ENV-300658,2026-05-14 13:00,H,21.0,51.0,EF-05,False
ENV-300659,2026-05-20 12:00,E,24.5,41.6,EF-04,False
ENV-300660,2026-06-09 04:00,F,28.8,51.4,EF-05,False
ENV-300661,2026-05-11 11:00,F,26.3,41.7,EF-02,False
ENV-300662,2026-06-21 02:00,E,32.9,50.1,EF-03,False
ENV-300663,2026-06-02 21:00,F,24.0,50.5,EF-08,False
ENV-300664,2026-07-27 04:00,H,31.0,72.2,EF-04,False
ENV-300665,2026-06-01 01:00,B,26.7,64.3,EF-07,False
ENV-300666,2026-06-24 02:00,J,32.1,50.9,EF-01,False
ENV-300667,2026-04-30 10:00,D,26.4,38.3,EF-08,False
ENV-300668,2026-05-07 12:00,E,31.8,30.2,EF-02,False
ENV-300669,2026-05-16 03:00,E,22.3,81.4,EF-02,False
ENV-300670,2026-05-29 19:00,J,21.9,57.1,EF-08,False
ENV-300671,2026-06-13 11:00,E,29.2,35.2,EF-05,False
ENV-300672,2026-05-07 02:00,G,27.6,60.6,EF-06,False
ENV-300673,2026-05-04 11:00,J,30.0,60.5,EF-08,False
ENV-300674,2026-07-12 13:00,F,25.2,57.3,EF-06,False
ENV-300675,2026-07-21 21:00,C,17.0,69.4,EF-06,False
ENV-300676,2026-07-14 10:00,D,29.7,48.1,EF-04,False
ENV-300677,2026-05-13 09:00,E,16.3,43.4,EF-05,False
ENV-300678,2026-07-11 14:00,B,24.1,42.9,EF-05,False
ENV-300679,2026-05-12 00:00,A,28.9,69.0,EF-03,False
ENV-300680,2026-05-08 16:00,D,34.4,47.5,EF-05,False
ENV-300681,2026-07-12 07:00,C,25.0,64.7,EF-07,False
ENV-300682,2026-05-19 01:00,J,23.5,48.1,EF-02,False
ENV-300683,2026-07-14 15:00,B,12.1,57.8,EF-02,False
ENV-300684,2026-06-03 00:00,G,33.6,65.4,EF-03,False
ENV-300685,2026-05-23 06:00,B,30.6,56.4,EF-06,False
ENV-300686,2026-07-24 09:00,J,19.2,49.7,EF-01,False
ENV-300687,2026-07-03 11:00,D,21.3,65.0,EF-05,False
ENV-300688,2026-07-11 01:00,I,27.0,75.9,EF-08,False
ENV-300689,2026-05-16 16:00,J,28.5,72.9,EF-02,False
ENV-300690,2026-06-07 13:00,C,29.6,54.6,EF-07,False
ENV-300691,2026-06-17 04:00,C,23.8,56.5,EF-01,False
ENV-300692,2026-05-30 22:00,C,14.1,63.8,EF-05,False
ENV-300693,2026-05-20 05:00,J,22.6,60.1,EF-04,False
ENV-300694,2026-06-05 12:00,J,26.6,59.6,EF-01,False
ENV-300695,2026-07-06 17:00,D,18.3,72.6,EF-07,False
ENV-300696,2026-07-17 11:00,F,30.9,54.5,EF-07,True
ENV-300697,2026-06-28 04:00,A,25.9,68.8,EF-06,False
ENV-300698,2026-05-01 19:00,H,26.0,20.6,EF-06,False
ENV-300699,2026-05-13 14:00,I,28.5,78.7,EF-01,False
ENV-300700,2026-07-06 06:00,D,30.7,60.1,EF-08,False
ENV-300701,2026-07-24 05:00,F,35.9,80.3,EF-07,False
ENV-300702,2026-06-06 06:00,G,21.3,38.1,EF-03,False
ENV-300703,2026-07-09 10:00,F,32.4,52.0,EF-05,False
ENV-300704,2026-06-24 10:00,I,30.6,89.7,EF-07,False
ENV-300705,2026-05-27 06:00,J,28.7,56.6,EF-08,False
ENV-300706,2026-05-04 05:00,B,22.0,59.3,EF-07,False
ENV-300707,2026-06-24 21:00,J,25.0,37.5,EF-02,False
ENV-300708,2026-07-14 17:00,E,27.4,32.5,EF-04,False
ENV-300709,2026-06-30 05:00,J,37.9,58.5,EF-07,False
ENV-300710,2026-06-17 14:00,G,22.7,71.0,EF-01,False
ENV-300711,2026-05-09 04:00,C,22.9,37.0,EF-07,False
ENV-300712,2026-06-24 01:00,D,24.9,77.4,EF-02,False
ENV-300713,2026-07-04 10:00,G,28.9,46.4,EF-05,False
ENV-300714,2026-06-26 15:00,H,25.2,54.1,EF-06,False
ENV-300715,2026-06-22 14:00,H,21.3,52.9,EF-08,False
ENV-300716,2026-05-28 22:00,E,31.1,51.6,EF-03,False
ENV-300717,2026-05-10 02:00,F,24.9,76.0,EF-03,False
ENV-300718,2026-05-21 05:00,I,27.9,52.6,EF-07,False
ENV-300719,2026-05-08 16:00,I,31.2,40.7,EF-08,False
ENV-300720,2026-05-17 19:00,H,20.9,59.8,EF-02,False
ENV-300721,2026-07-05 19:00,C,34.1,45.7,EF-08,False
ENV-300722,2026-07-04 06:00,G,23.5,86.5,EF-08,False
ENV-300723,2026-06-20 19:00,A,31.4,86.3,EF-08,False
ENV-300724,2026-05-31 05:00,I,27.9,56.2,EF-08,False
ENV-300725,2026-05-24 19:00,C,18.5,58.7,EF-02,False
ENV-300726,2026-05-13 17:00,F,16.8,64.4,EF-05,False
ENV-300727,2026-05-31 06:00,G,28.9,24.3,EF-03,False
ENV-300728,2026-05-17 13:00,D,23.1,68.9,EF-06,False
ENV-300729,2026-05-22 21:00,I,32.3,38.7,EF-05,False
ENV-300730,2026-07-05 18:00,I,26.9,52.8,EF-04,False
ENV-300731,2026-05-10 17:00,E,29.1,32.4,EF-03,False
ENV-300732,2026-06-20 20:00,J,20.8,54.3,EF-03,False
ENV-300733,2026-07-23 02:00,J,21.6,78.6,EF-07,False
ENV-300734,2026-06-20 23:00,B,30.1,58.1,EF-06,False
ENV-300735,2026-05-12 17:00,C,24.1,60.7,EF-06,False
ENV-300736,2026-05-14 19:00,D,24.1,47.2,EF-03,False
ENV-300737,2026-05-10 08:00,J,30.8,50.5,EF-02,False
ENV-300738,2026-05-22 15:00,A,33.3,79.2,EF-02,False
ENV-300739,2026-06-21 09:00,D,20.0,36.4,EF-07,False
ENV-300740,2026-05-27 05:00,J,40.7,70.0,EF-04,False
ENV-300741,2026-07-26 04:00,C,20.4,42.1,EF-01,False
ENV-300742,2026-07-17 22:00,H,22.0,43.2,EF-07,True
ENV-300743,2026-07-04 23:00,C,23.9,75.4,EF-03,False
ENV-300744,2026-07-21 14:00,A,15.1,44.9,EF-02,False
ENV-300745,2026-06-19 06:00,A,24.3,36.1,EF-01,False
ENV-300746,2026-05-24 22:00,G,23.8,55.9,EF-05,False
ENV-300747,2026-06-03 13:00,H,40.0,50.6,EF-04,False
ENV-300748,2026-05-15 01:00,C,23.9,55.0,EF-03,False
ENV-300749,2026-05-19 01:00,D,24.4,40.9,EF-03,False
ENV-300750,2026-07-10 19:00,F,29.0,39.3,EF-03,False
ENV-300751,2026-05-18 18:00,E,31.7,81.4,EF-05,False
ENV-300752,2026-05-20 13:00,A,25.8,62.8,EF-02,False
ENV-300753,2026-06-20 09:00,A,33.4,89.2,EF-08,False
ENV-300754,2026-06-26 16:00,A,29.6,80.7,EF-02,False
ENV-300755,2026-07-03 22:00,H,28.1,23.1,EF-08,False
ENV-300756,2026-07-14 03:00,I,29.0,53.9,EF-07,False
ENV-300757,2026-07-01 10:00,G,28.1,63.9,EF-01,False
ENV-300758,2026-05-23 17:00,H,32.7,63.1,EF-08,False
ENV-300759,2026-06-07 08:00,A,40.5,40.9,EF-07,False
ENV-300760,2026-07-03 19:00,F,26.6,75.6,EF-08,False
ENV-300761,2026-06-04 14:00,J,23.4,55.7,EF-06,False
ENV-300762,2026-06-11 14:00,I,27.5,74.5,EF-02,False
ENV-300763,2026-07-08 03:00,I,33.6,63.1,EF-05,False
ENV-300764,2026-06-23 10:00,I,27.6,61.5,EF-06,False
ENV-300765,2026-06-12 02:00,I,28.2,46.5,EF-05,False
ENV-300766,2026-05-03 20:00,F,34.1,61.3,EF-05,False
ENV-300767,2026-07-25 17:00,B,26.6,57.3,EF-08,False
ENV-300768,2026-07-07 23:00,E,26.0,50.8,EF-03,False
ENV-300769,2026-07-12 06:00,C,27.0,31.8,EF-02,False
ENV-300770,2026-06-29 01:00,H,30.3,75.2,EF-06,False
ENV-300771,2026-05-13 00:00,I,34.1,50.6,EF-06,False
ENV-300772,2026-05-14 01:00,C,24.7,55.8,EF-08,False
ENV-300773,2026-05-03 10:00,J,32.2,47.7,EF-08,False
ENV-300774,2026-06-16 06:00,D,23.3,50.0,EF-06,False
ENV-300775,2026-05-21 09:00,B,19.3,61.9,EF-07,False
ENV-300776,2026-07-07 17:00,A,24.8,40.1,EF-01,False
ENV-300777,2026-05-03 16:00,A,29.0,45.4,EF-08,False
ENV-300778,2026-04-29 22:00,E,23.2,52.6,EF-01,False
ENV-300779,2026-07-21 16:00,B,31.0,62.3,EF-08,False
ENV-300780,2026-07-27 23:00,C,18.4,58.4,EF-07,False
ENV-300781,2026-05-16 21:00,C,23.7,47.7,EF-02,False
ENV-300782,2026-07-03 17:00,F,22.0,51.0,EF-06,False
ENV-300783,2026-06-01 07:00,I,32.7,45.4,EF-07,False
ENV-300784,2026-06-05 03:00,I,20.6,68.8,EF-04,False
ENV-300785,2026-07-20 19:00,H,28.7,57.7,EF-08,False
ENV-300786,2026-07-06 01:00,H,35.5,65.6,EF-08,False
ENV-300787,2026-07-24 06:00,A,36.2,48.7,EF-03,False
ENV-300788,2026-05-14 05:00,D,24.6,22.7,EF-07,False
ENV-300789,2026-06-29 16:00,D,16.1,43.8,EF-01,False
ENV-300790,2026-06-05 15:00,E,26.6,46.4,EF-06,False
ENV-300791,2026-06-05 18:00,H,32.0,74.8,EF-08,False
ENV-300792,2026-06-16 17:00,H,27.0,83.9,EF-04,False
ENV-300793,2026-06-26 10:00,G,24.3,46.7,EF-08,False
ENV-300794,2026-07-19 01:00,H,24.7,56.3,EF-07,False
ENV-300795,2026-05-06 01:00,I,27.4,68.6,EF-05,False
ENV-300796,2026-07-12 10:00,D,25.2,53.2,EF-08,False
ENV-300797,2026-06-10 14:00,D,21.5,41.3,EF-08,False
ENV-300798,2026-06-26 01:00,C,41.7,68.2,EF-07,False
ENV-300799,2026-05-23 03:00,F,33.3,34.2,EF-03,False
ENV-300800,2026-07-25 10:00,E,26.7,67.0,EF-08,False
ENV-300801,2026-05-28 03:00,D,23.9,62.6,EF-03,False
ENV-300802,2026-07-17 06:00,G,33.1,56.4,EF-07,True
ENV-300803,2026-06-14 21:00,D,18.8,66.4,EF-03,False
ENV-300804,2026-05-17 21:00,G,22.1,60.9,EF-08,False
ENV-300805,2026-07-05 20:00,C,25.7,62.0,EF-05,False
ENV-300806,2026-07-07 18:00,A,18.1,66.9,EF-06,False
ENV-300807,2026-05-22 00:00,H,23.7,58.7,EF-06,False
ENV-300808,2026-06-24 01:00,F,39.7,51.6,EF-03,False
ENV-300809,2026-06-16 06:00,A,25.4,66.9,EF-01,False
ENV-300810,2026-07-05 23:00,A,22.3,61.9,EF-02,False
ENV-300811,2026-07-07 15:00,C,30.3,46.8,EF-03,False
ENV-300812,2026-07-07 16:00,C,24.2,27.3,EF-01,False
ENV-300813,2026-06-08 23:00,E,29.3,55.4,EF-01,False
ENV-300814,2026-06-26 23:00,A,33.1,15.1,EF-02,False
ENV-300815,2026-06-17 00:00,G,31.6,14.2,EF-05,False
ENV-300816,2026-05-23 22:00,C,35.2,38.0,EF-07,False
ENV-300817,2026-06-06 11:00,D,24.0,43.8,EF-08,False
ENV-300818,2026-07-14 21:00,H,29.9,43.1,EF-03,False
ENV-300819,2026-06-30 14:00,B,15.7,38.7,EF-08,False
ENV-300820,2026-05-17 11:00,A,29.4,68.3,EF-06,False
ENV-300821,2026-06-28 21:00,G,33.6,73.3,EF-07,False
ENV-300822,2026-06-12 09:00,B,25.9,39.2,EF-03,False
ENV-300823,2026-06-24 15:00,J,24.0,65.0,EF-07,False
ENV-300824,2026-05-25 23:00,G,32.9,54.0,EF-02,False
ENV-300825,2026-05-24 11:00,F,20.5,51.7,EF-05,False
ENV-300826,2026-05-17 10:00,H,28.9,62.0,EF-08,False
ENV-300827,2026-06-02 23:00,B,21.2,65.7,EF-01,False
ENV-300828,2026-05-20 09:00,F,23.6,43.2,EF-06,False
ENV-300829,2026-05-05 12:00,B,27.7,32.9,EF-06,False
ENV-300830,2026-05-06 01:00,J,27.3,46.4,EF-05,False
ENV-300831,2026-06-21 13:00,D,27.7,56.5,EF-02,False
ENV-300832,2026-06-23 17:00,B,18.8,66.0,EF-01,False
ENV-300833,2026-06-28 21:00,F,28.4,73.0,EF-07,False
ENV-300834,2026-06-03 10:00,A,23.8,70.2,EF-06,False
ENV-300835,2026-07-24 22:00,H,22.0,52.5,EF-04,False
ENV-300836,2026-05-02 23:00,E,31.8,47.8,EF-01,False
ENV-300837,2026-05-23 02:00,J,40.1,65.8,EF-01,False
ENV-300838,2026-07-17 09:00,F,36.9,36.2,EF-02,False
ENV-300839,2026-05-03 03:00,E,33.3,49.3,EF-04,False
ENV-300840,2026-05-26 03:00,J,25.9,71.9,EF-03,False
ENV-300841,2026-05-11 19:00,B,22.9,36.9,EF-03,False
ENV-300842,2026-05-12 11:00,D,19.2,65.7,EF-05,False
ENV-300843,2026-05-23 17:00,B,34.2,28.7,EF-02,False
ENV-300844,2026-06-28 02:00,H,28.3,54.7,EF-06,False
ENV-300845,2026-05-11 17:00,J,33.0,24.4,EF-07,False
ENV-300846,2026-05-13 20:00,G,25.5,61.0,EF-07,False
ENV-300847,2026-07-06 03:00,A,32.9,40.2,EF-06,False
ENV-300848,2026-05-23 08:00,B,22.9,46.8,EF-08,False
ENV-300849,2026-06-06 16:00,A,39.5,30.8,EF-07,False
ENV-300850,2026-06-27 15:00,I,20.5,73.4,EF-04,False
ENV-300851,2026-07-24 02:00,E,25.8,49.8,EF-03,False
ENV-300852,2026-05-05 08:00,F,28.2,62.6,EF-01,False
ENV-300853,2026-05-22 18:00,B,22.5,55.9,EF-03,False
ENV-300854,2026-07-05 00:00,H,27.2,35.5,EF-01,False
ENV-300855,2026-06-12 16:00,H,29.4,68.7,EF-08,False
ENV-300856,2026-05-11 20:00,J,22.3,50.5,EF-07,False
ENV-300857,2026-05-04 10:00,J,25.9,70.4,EF-04,False
ENV-300858,2026-06-16 14:00,G,30.1,60.4,EF-01,False
ENV-300859,2026-05-06 10:00,D,31.3,46.7,EF-02,False
ENV-300860,2026-06-10 15:00,C,28.7,47.8,EF-07,False
ENV-300861,2026-07-01 22:00,H,23.0,60.0,EF-06,False
ENV-300862,2026-05-13 12:00,D,27.1,36.2,EF-06,False
ENV-300863,2026-06-29 21:00,G,36.3,82.8,EF-01,False
ENV-300864,2026-06-15 01:00,E,13.9,46.6,EF-08,False
ENV-300865,2026-07-03 10:00,I,29.6,63.0,EF-02,False
ENV-300866,2026-05-15 02:00,F,26.4,45.9,EF-05,False
ENV-300867,2026-06-05 02:00,I,32.3,48.1,EF-01,False
ENV-300868,2026-06-24 11:00,E,30.3,42.4,EF-06,False
ENV-300869,2026-06-05 08:00,F,23.4,54.7,EF-07,False
ENV-300870,2026-06-07 23:00,C,28.6,69.6,EF-02,False
ENV-300871,2026-05-29 11:00,D,31.6,47.8,EF-06,False
ENV-300872,2026-05-15 03:00,C,30.9,46.2,EF-02,False
ENV-300873,2026-04-29 08:00,J,30.8,73.6,EF-05,False
ENV-300874,2026-07-10 11:00,I,33.7,29.1,EF-04,False
ENV-300875,2026-05-13 04:00,J,27.1,37.2,EF-07,False
ENV-300876,2026-07-26 20:00,D,33.5,88.0,EF-05,False
ENV-300877,2026-07-12 05:00,G,29.5,54.0,EF-01,False
ENV-300878,2026-07-21 15:00,G,23.1,67.4,EF-01,False
ENV-300879,2026-05-17 08:00,C,22.6,90.2,EF-06,False
ENV-300880,2026-06-05 00:00,A,36.6,63.3,EF-01,False
ENV-300881,2026-07-17 13:00,G,24.9,77.1,EF-07,True
ENV-300882,2026-05-12 08:00,H,32.3,57.6,EF-08,False
ENV-300883,2026-07-23 03:00,I,18.4,57.0,EF-07,False
ENV-300884,2026-07-04 08:00,G,36.6,50.5,EF-02,False
ENV-300885,2026-07-23 13:00,F,26.4,65.0,EF-01,False
ENV-300886,2026-07-10 16:00,H,27.8,59.5,EF-03,False
ENV-300887,2026-05-05 13:00,A,26.4,72.4,EF-01,False
ENV-300888,2026-05-16 11:00,G,21.6,58.7,EF-02,False
ENV-300889,2026-06-08 15:00,G,19.5,24.2,EF-03,False
ENV-300890,2026-05-15 16:00,D,19.9,50.3,EF-02,False
ENV-300891,2026-06-13 15:00,I,29.7,49.7,EF-04,False
ENV-300892,2026-06-01 10:00,B,29.4,41.7,EF-03,False
ENV-300893,2026-07-01 07:00,C,30.2,63.9,EF-01,False
ENV-300894,2026-05-09 00:00,G,23.5,20.2,EF-08,False
ENV-300895,2026-05-04 16:00,H,32.3,39.4,EF-03,False
ENV-300896,2026-05-02 09:00,A,21.2,50.3,EF-05,False
ENV-300897,2026-05-01 13:00,I,25.8,22.7,EF-02,False
ENV-300898,2026-06-13 11:00,F,27.2,67.4,EF-05,False
ENV-300899,2026-06-25 15:00,J,15.4,41.9,EF-04,False
ENV-300900,2026-06-03 17:00,C,19.1,68.2,EF-02,False
ENV-300901,2026-05-26 19:00,B,31.5,49.8,EF-02,False
ENV-300902,2026-04-30 11:00,C,23.4,45.1,EF-03,False
ENV-300903,2026-07-10 13:00,B,25.5,54.1,EF-08,False
ENV-300904,2026-05-04 12:00,D,37.0,55.2,EF-04,False
ENV-300905,2026-06-24 00:00,D,31.8,65.3,EF-08,False
ENV-300906,2026-05-30 00:00,I,29.8,70.6,EF-06,False
ENV-300907,2026-07-06 22:00,A,18.0,45.0,EF-07,False
ENV-300908,2026-07-08 07:00,J,19.5,58.7,EF-07,False
ENV-300909,2026-05-20 11:00,F,37.4,60.2,EF-08,False
ENV-300910,2026-07-24 02:00,B,23.2,52.0,EF-04,False
ENV-300911,2026-06-20 10:00,G,34.2,66.6,EF-01,False
ENV-300912,2026-06-08 22:00,F,32.2,46.4,EF-08,False
ENV-300913,2026-07-23 16:00,C,19.8,85.2,EF-04,False
ENV-300914,2026-07-21 00:00,G,31.7,83.0,EF-06,False
ENV-300915,2026-06-29 04:00,C,31.2,43.4,EF-05,False
ENV-300916,2026-05-03 13:00,J,31.8,57.4,EF-03,False
ENV-300917,2026-07-03 07:00,C,27.5,95.0,EF-04,False
ENV-300918,2026-05-24 03:00,F,30.1,66.2,EF-03,False
ENV-300919,2026-06-11 03:00,E,23.7,45.8,EF-03,False
ENV-300920,2026-07-20 22:00,C,25.9,38.6,EF-02,False
ENV-300921,2026-05-29 01:00,B,31.2,61.7,EF-04,False
ENV-300922,2026-06-23 17:00,G,32.2,55.1,EF-05,False
ENV-300923,2026-06-08 12:00,C,27.7,18.1,EF-03,False
ENV-300924,2026-05-06 01:00,C,27.5,52.8,EF-08,False
ENV-300925,2026-05-04 00:00,H,18.0,50.0,EF-01,False
ENV-300926,2026-06-07 03:00,E,22.2,50.7,EF-08,False
ENV-300927,2026-07-09 06:00,I,36.8,65.0,EF-08,False
ENV-300928,2026-07-08 22:00,E,35.2,29.6,EF-03,False
ENV-300929,2026-05-08 17:00,J,27.7,39.7,EF-03,False
ENV-300930,2026-06-05 05:00,G,33.9,11.6,EF-04,False
ENV-300931,2026-07-21 09:00,D,27.5,50.8,EF-08,False
ENV-300932,2026-05-26 11:00,F,22.2,23.0,EF-06,False
ENV-300933,2026-05-18 09:00,J,25.9,40.7,EF-02,False
ENV-300934,2026-06-13 03:00,A,28.6,25.8,EF-05,False
ENV-300935,2026-06-01 01:00,B,13.2,64.3,EF-08,False
ENV-300936,2026-06-07 12:00,A,29.7,58.9,EF-05,False
ENV-300937,2026-05-16 05:00,B,26.0,44.9,EF-02,False
ENV-300938,2026-06-02 23:00,F,36.6,59.0,EF-07,False
ENV-300939,2026-06-10 20:00,A,22.4,49.1,EF-02,False
ENV-300940,2026-06-06 08:00,A,26.3,52.9,EF-06,False
ENV-300941,2026-06-04 19:00,I,25.5,73.1,EF-08,False
ENV-300942,2026-06-28 00:00,J,30.9,44.2,EF-01,False
ENV-300943,2026-05-26 22:00,A,31.5,50.8,EF-08,False
ENV-300944,2026-06-12 17:00,D,25.4,55.5,EF-03,False
ENV-300945,2026-07-06 00:00,D,29.6,58.3,EF-08,False
ENV-300946,2026-06-04 05:00,B,28.6,44.4,EF-07,False
ENV-300947,2026-05-12 15:00,J,30.7,57.3,EF-04,False
ENV-300948,2026-07-05 21:00,J,23.6,71.0,EF-05,False
ENV-300949,2026-05-03 09:00,F,33.6,49.4,EF-02,False
ENV-300950,2026-06-17 10:00,I,30.4,31.9,EF-04,False
ENV-300951,2026-07-12 12:00,I,24.7,52.2,EF-04,False
ENV-300952,2026-06-06 20:00,C,36.3,52.7,EF-04,False
ENV-300953,2026-05-14 11:00,G,20.4,52.3,EF-01,False
ENV-300954,2026-04-30 23:00,D,28.9,52.5,EF-07,False
ENV-300955,2026-06-01 23:00,A,26.4,57.4,EF-06,False
ENV-300956,2026-06-17 06:00,I,31.8,83.0,EF-02,False
ENV-300957,2026-06-26 21:00,I,25.5,61.3,EF-03,False
ENV-300958,2026-05-31 20:00,B,23.9,78.7,EF-03,False
ENV-300959,2026-06-25 09:00,D,26.6,65.4,EF-05,False
ENV-300960,2026-05-30 06:00,J,28.9,79.5,EF-08,False
ENV-300961,2026-06-21 22:00,A,30.7,79.0,EF-08,False
ENV-300962,2026-06-20 20:00,C,17.6,62.6,EF-03,False
ENV-300963,2026-05-06 18:00,G,32.4,69.2,EF-03,False
ENV-300964,2026-07-21 09:00,A,42.8,49.0,EF-03,False
ENV-300965,2026-05-30 04:00,C,31.6,44.4,EF-04,False
ENV-300966,2026-05-01 05:00,I,28.4,93.8,EF-02,False
ENV-300967,2026-06-13 16:00,H,32.0,40.1,EF-06,False
ENV-300968,2026-07-16 23:00,D,32.9,57.8,EF-07,True
ENV-300969,2026-05-21 16:00,E,27.3,76.5,EF-04,False
ENV-300970,2026-05-27 21:00,F,33.8,67.0,EF-05,False
ENV-300971,2026-05-24 10:00,D,32.9,38.0,EF-04,False
ENV-300972,2026-06-13 23:00,A,37.2,60.6,EF-05,False
ENV-300973,2026-06-22 07:00,E,20.9,48.2,EF-08,False
ENV-300974,2026-05-27 10:00,H,25.1,55.3,EF-03,False
ENV-300975,2026-05-11 12:00,F,32.8,69.5,EF-03,False
ENV-300976,2026-05-08 07:00,D,25.1,28.1,EF-03,False
ENV-300977,2026-07-06 08:00,D,29.8,56.7,EF-06,False
ENV-300978,2026-07-24 04:00,B,16.4,47.2,EF-06,False
ENV-300979,2026-05-08 20:00,G,33.9,45.8,EF-02,False
ENV-300980,2026-05-31 02:00,I,34.8,51.3,EF-07,False
ENV-300981,2026-06-23 12:00,H,27.6,60.8,EF-06,False
ENV-300982,2026-05-02 22:00,F,24.0,52.6,EF-06,False
ENV-300983,2026-05-24 03:00,G,27.8,70.1,EF-04,False
ENV-300984,2026-05-12 16:00,B,25.2,95.0,EF-06,False
ENV-300985,2026-06-03 11:00,H,19.7,56.6,EF-01,False
ENV-300986,2026-05-06 04:00,J,31.0,81.9,EF-07,False
ENV-300987,2026-06-30 12:00,A,28.2,49.2,EF-04,False
ENV-300988,2026-07-24 12:00,F,28.3,50.1,EF-06,False
ENV-300989,2026-05-18 05:00,H,25.6,69.9,EF-05,False
ENV-300990,2026-06-29 18:00,E,23.2,54.7,EF-05,False
ENV-300991,2026-06-28 08:00,E,24.7,50.1,EF-05,False
ENV-300992,2026-06-19 14:00,J,27.2,67.3,EF-02,False
ENV-300993,2026-05-30 11:00,F,32.8,48.5,EF-04,False
ENV-300994,2026-06-20 08:00,F,25.9,42.5,EF-03,False
ENV-300995,2026-07-17 07:00,J,30.9,62.5,EF-08,False
ENV-300996,2026-05-17 09:00,J,29.5,18.3,EF-08,False
ENV-300997,2026-04-29 05:00,B,31.4,77.2,EF-04,False
ENV-300998,2026-07-06 08:00,H,27.7,48.1,EF-07,False
ENV-300999,2026-05-13 14:00,F,27.9,68.2,EF-03,False
ENV-301000,2026-06-29 10:00,B,22.3,77.1,EF-07,False
ENV-301001,2026-05-10 15:00,C,23.7,65.2,EF-06,False
ENV-301002,2026-05-02 07:00,H,25.1,59.9,EF-08,False
ENV-301003,2026-05-24 22:00,H,27.5,56.7,EF-02,False
ENV-301004,2026-05-16 04:00,F,20.4,44.7,EF-05,False
ENV-301005,2026-07-15 13:00,C,20.0,43.8,EF-06,False
ENV-301006,2026-07-17 13:00,J,32.1,62.4,EF-07,True
ENV-301007,2026-05-01 23:00,I,22.7,80.7,EF-02,False
ENV-301008,2026-05-10 15:00,I,21.4,91.3,EF-05,False
ENV-301009,2026-06-23 09:00,A,19.3,38.9,EF-07,False
ENV-301010,2026-06-18 16:00,F,27.8,64.7,EF-08,False
ENV-301011,2026-05-02 23:00,G,28.3,52.5,EF-05,False
ENV-301012,2026-06-25 16:00,F,22.5,59.8,EF-02,False
ENV-301013,2026-06-16 08:00,F,26.8,83.6,EF-01,False
ENV-301014,2026-04-29 10:00,C,36.6,50.7,EF-08,False
ENV-301015,2026-07-25 15:00,B,25.8,68.9,EF-05,False
ENV-301016,2026-05-11 00:00,I,33.3,56.5,EF-02,False
ENV-301017,2026-06-25 18:00,I,18.9,70.1,EF-03,False
ENV-301018,2026-07-20 04:00,I,27.4,85.3,EF-08,False
ENV-301019,2026-05-31 20:00,F,26.8,43.5,EF-02,False
ENV-301020,2026-07-01 17:00,H,27.3,23.3,EF-07,False
ENV-301021,2026-05-05 04:00,D,24.5,58.6,EF-04,False
ENV-301022,2026-05-07 19:00,H,23.0,67.9,EF-03,False
ENV-301023,2026-06-20 09:00,G,32.4,48.6,EF-06,False
ENV-301024,2026-07-09 18:00,B,31.9,87.7,EF-04,False
ENV-301025,2026-05-13 13:00,J,26.7,57.8,EF-08,False
ENV-301026,2026-05-13 04:00,E,27.4,66.5,EF-01,False
ENV-301027,2026-07-05 20:00,J,24.8,35.1,EF-08,False
ENV-301028,2026-07-01 21:00,C,23.0,35.3,EF-07,False
ENV-301029,2026-06-05 01:00,F,37.6,36.7,EF-04,False
ENV-301030,2026-06-23 11:00,E,28.7,30.5,EF-01,False
ENV-301031,2026-05-28 22:00,B,25.4,44.3,EF-02,False
ENV-301032,2026-07-25 00:00,B,18.0,71.1,EF-01,False
ENV-301033,2026-06-27 03:00,E,30.3,14.9,EF-07,False
ENV-301034,2026-05-31 20:00,H,34.7,37.8,EF-07,False
ENV-301035,2026-06-19 12:00,E,27.7,44.2,EF-05,False
ENV-301036,2026-04-29 06:00,F,22.5,31.2,EF-02,False
ENV-301037,2026-06-12 23:00,B,30.6,54.9,EF-06,False
ENV-301038,2026-06-08 07:00,D,41.5,64.6,EF-01,False
ENV-301039,2026-05-10 02:00,I,25.1,47.1,EF-04,False
ENV-301040,2026-07-27 07:00,C,26.8,48.1,EF-07,False
ENV-301041,2026-05-04 08:00,E,32.9,26.9,EF-07,False
ENV-301042,2026-06-11 09:00,D,24.1,48.4,EF-05,False
ENV-301043,2026-05-08 12:00,B,21.1,50.7,EF-07,False
ENV-301044,2026-05-30 21:00,G,24.5,84.6,EF-06,False
ENV-301045,2026-07-09 22:00,H,28.4,41.8,EF-01,False
ENV-301046,2026-06-16 00:00,D,31.2,61.0,EF-06,False
ENV-301047,2026-06-24 16:00,H,28.2,42.2,EF-04,False
ENV-301048,2026-05-10 04:00,C,29.3,41.2,EF-06,False
ENV-301049,2026-05-04 00:00,D,23.4,42.4,EF-07,False
ENV-301050,2026-07-09 01:00,D,26.1,65.5,EF-01,False
ENV-301051,2026-05-04 06:00,C,23.4,66.5,EF-02,False
ENV-301052,2026-05-13 00:00,E,21.1,52.9,EF-01,False
ENV-301053,2026-07-16 05:00,I,30.6,37.4,EF-03,False
ENV-301054,2026-07-07 08:00,F,31.3,50.5,EF-02,False
ENV-301055,2026-07-18 13:00,I,35.0,36.1,EF-04,False
ENV-301056,2026-07-03 10:00,F,32.8,80.9,EF-01,False
ENV-301057,2026-05-24 05:00,E,30.7,74.0,EF-05,False
ENV-301058,2026-07-21 05:00,A,27.6,39.9,EF-04,False
ENV-301059,2026-06-23 09:00,I,27.0,53.2,EF-02,False
ENV-301060,2026-07-11 12:00,J,20.8,71.1,EF-03,False
ENV-301061,2026-05-09 19:00,A,29.9,56.0,EF-02,False
ENV-301062,2026-06-28 21:00,H,19.0,47.4,EF-02,False
ENV-301063,2026-07-14 16:00,I,36.4,39.3,EF-01,False
ENV-301064,2026-06-22 23:00,A,29.0,50.3,EF-06,False
ENV-301065,2026-05-31 14:00,H,26.2,36.5,EF-02,False
ENV-301066,2026-06-17 16:00,F,27.7,46.0,EF-01,False
ENV-301067,2026-07-22 23:00,H,22.7,55.5,EF-07,False
ENV-301068,2026-07-22 16:00,C,14.8,33.9,EF-02,False
ENV-301069,2026-05-17 19:00,F,23.0,36.6,EF-06,False
ENV-301070,2026-06-18 11:00,J,30.4,59.6,EF-05,False
ENV-301071,2026-07-06 18:00,J,35.3,52.1,EF-04,False
ENV-301072,2026-07-03 11:00,G,25.5,26.6,EF-02,False
ENV-301073,2026-06-18 14:00,A,26.1,53.4,EF-06,False
ENV-301074,2026-07-10 01:00,F,19.4,54.6,EF-02,False
ENV-301075,2026-07-22 19:00,C,23.3,43.5,EF-03,False
ENV-301076,2026-05-21 02:00,I,36.7,36.2,EF-04,False
ENV-301077,2026-05-01 15:00,E,23.7,39.6,EF-02,False
ENV-301078,2026-06-06 20:00,B,27.5,50.6,EF-02,False
ENV-301079,2026-05-09 13:00,I,18.9,61.5,EF-08,False
ENV-301080,2026-07-03 21:00,G,37.8,55.1,EF-07,False
ENV-301081,2026-06-15 07:00,C,23.4,55.6,EF-08,False
ENV-301082,2026-07-14 16:00,I,29.4,71.6,EF-06,False
ENV-301083,2026-06-28 07:00,E,29.1,44.3,EF-03,False
ENV-301084,2026-07-18 23:00,I,24.2,59.0,EF-03,False
ENV-301085,2026-05-30 15:00,E,29.5,53.0,EF-06,False
ENV-301086,2026-05-10 19:00,J,33.1,69.4,EF-01,False
ENV-301087,2026-06-04 06:00,B,40.4,48.4,EF-08,False
ENV-301088,2026-05-27 11:00,E,26.1,67.7,EF-07,False
ENV-301089,2026-07-25 03:00,J,30.5,68.3,EF-03,False
ENV-301090,2026-07-24 00:00,J,32.8,66.4,EF-01,False
ENV-301091,2026-06-22 02:00,B,27.4,52.4,EF-08,False
ENV-301092,2026-07-06 04:00,G,26.7,41.8,EF-05,False
ENV-301093,2026-07-14 07:00,A,20.4,49.3,EF-05,False
ENV-301094,2026-05-30 12:00,H,26.8,71.5,EF-03,False
ENV-301095,2026-06-22 20:00,B,25.7,65.4,EF-03,False
ENV-301096,2026-05-07 16:00,A,30.6,52.6,EF-05,False
ENV-301097,2026-07-01 22:00,H,30.8,69.8,EF-03,False
ENV-301098,2026-07-03 08:00,B,31.2,32.3,EF-08,False
ENV-301099,2026-05-08 04:00,H,22.7,46.2,EF-04,False
ENV-301100,2026-06-05 14:00,I,23.7,34.4,EF-02,False
ENV-301101,2026-05-01 02:00,E,20.2,49.1,EF-06,False
ENV-301102,2026-06-01 07:00,D,22.4,38.3,EF-02,False
ENV-301103,2026-06-25 07:00,A,17.3,34.6,EF-08,False
ENV-301104,2026-06-30 21:00,C,24.4,69.9,EF-01,False
ENV-301105,2026-07-02 12:00,H,20.8,63.0,EF-02,False
ENV-301106,2026-06-21 08:00,H,18.2,80.7,EF-02,False
ENV-301107,2026-06-09 20:00,G,28.4,28.0,EF-02,False
ENV-301108,2026-05-21 05:00,B,35.0,58.8,EF-06,False
ENV-301109,2026-06-06 10:00,D,23.2,57.6,EF-08,False
ENV-301110,2026-05-30 16:00,D,29.8,73.2,EF-05,False
ENV-301111,2026-05-06 09:00,A,24.6,63.5,EF-03,False
ENV-301112,2026-05-26 06:00,J,32.7,50.6,EF-05,False
ENV-301113,2026-06-06 22:00,F,34.6,53.4,EF-05,False
ENV-301114,2026-07-11 06:00,C,31.6,61.4,EF-04,False
ENV-301115,2026-05-24 15:00,D,29.1,73.5,EF-06,False
ENV-301116,2026-07-22 01:00,E,21.9,70.2,EF-01,False
ENV-301117,2026-04-29 18:00,G,26.7,62.3,EF-02,False
ENV-301118,2026-06-21 09:00,C,25.1,45.3,EF-08,False
ENV-301119,2026-05-05 16:00,D,30.3,43.0,EF-03,False
ENV-301120,2026-06-10 02:00,A,23.6,57.4,EF-03,False
ENV-301121,2026-06-07 04:00,H,19.8,38.7,EF-08,False
ENV-301122,2026-05-22 23:00,G,22.7,84.7,EF-03,False
ENV-301123,2026-05-16 23:00,B,17.7,39.8,EF-02,False
ENV-301124,2026-05-02 18:00,E,18.9,48.3,EF-08,False
ENV-301125,2026-06-24 20:00,B,26.6,59.2,EF-05,False
ENV-301126,2026-07-25 22:00,J,34.8,38.0,EF-02,False
ENV-301127,2026-06-29 09:00,H,34.2,34.5,EF-08,False
ENV-301128,2026-07-12 13:00,E,21.7,30.6,EF-08,False
ENV-301129,2026-05-15 20:00,H,22.0,72.3,EF-03,False
ENV-301130,2026-05-06 21:00,H,29.8,74.4,EF-01,False
ENV-301131,2026-05-26 02:00,G,33.7,55.1,EF-02,False
ENV-301132,2026-05-06 14:00,G,26.4,42.7,EF-07,False
ENV-301133,2026-05-30 15:00,I,17.5,40.7,EF-05,False
ENV-301134,2026-07-20 00:00,C,20.0,53.3,EF-01,False
ENV-301135,2026-04-30 19:00,D,32.3,79.1,EF-03,False
ENV-301136,2026-06-23 00:00,D,31.0,61.3,EF-07,False
ENV-301137,2026-05-27 19:00,H,37.1,60.9,EF-01,False
ENV-301138,2026-07-22 13:00,F,22.4,85.6,EF-04,False
ENV-301139,2026-05-01 10:00,A,32.3,52.3,EF-02,False
ENV-301140,2026-07-01 16:00,J,33.0,30.4,EF-03,False
ENV-301141,2026-07-24 09:00,G,36.5,62.7,EF-06,False
ENV-301142,2026-07-13 14:00,F,30.8,81.8,EF-01,False
ENV-301143,2026-06-14 09:00,B,26.8,85.4,EF-02,False
ENV-301144,2026-07-09 06:00,G,23.8,75.5,EF-08,False
ENV-301145,2026-06-18 22:00,D,26.8,64.0,EF-07,False
ENV-301146,2026-06-04 23:00,J,21.3,33.5,EF-07,False
ENV-301147,2026-07-05 14:00,I,28.0,55.4,EF-06,False
ENV-301148,2026-07-20 01:00,G,21.4,85.1,EF-05,False
ENV-301149,2026-07-22 00:00,E,22.0,95.0,EF-01,False
ENV-301150,2026-05-01 03:00,G,24.6,60.3,EF-08,False
ENV-301151,2026-05-06 18:00,F,30.5,59.7,EF-03,False
ENV-301152,2026-05-25 00:00,I,29.0,72.1,EF-02,False
ENV-301153,2026-06-25 08:00,B,25.4,95.0,EF-03,False
ENV-301154,2026-05-24 05:00,J,19.7,71.9,EF-01,False
ENV-301155,2026-07-20 03:00,H,28.8,47.9,EF-03,False
ENV-301156,2026-06-20 22:00,E,25.1,29.1,EF-03,False
ENV-301157,2026-06-03 19:00,I,26.2,47.9,EF-06,False
ENV-301158,2026-07-04 08:00,D,32.1,62.2,EF-08,False
ENV-301159,2026-07-04 21:00,H,23.5,39.1,EF-01,False
ENV-301160,2026-07-01 01:00,I,29.9,71.0,EF-05,False
ENV-301161,2026-05-27 23:00,F,25.8,62.9,EF-05,False
ENV-301162,2026-07-21 07:00,B,25.3,62.9,EF-06,False
ENV-301163,2026-05-21 04:00,B,16.5,70.3,EF-07,False
ENV-301164,2026-07-12 08:00,D,33.0,54.3,EF-01,False
ENV-301165,2026-07-19 11:00,F,33.5,82.6,EF-04,False
ENV-301166,2026-07-07 07:00,B,32.5,68.8,EF-03,False
ENV-301167,2026-06-17 01:00,F,28.6,58.2,EF-03,False
ENV-301168,2026-07-09 17:00,F,26.3,61.3,EF-03,False
ENV-301169,2026-06-29 08:00,B,35.7,54.8,EF-04,False
ENV-301170,2026-06-15 09:00,J,22.4,52.7,EF-02,False
ENV-301171,2026-06-01 04:00,B,21.2,68.6,EF-01,False
ENV-301172,2026-05-10 04:00,H,29.5,40.4,EF-02,False
ENV-301173,2026-07-10 02:00,D,27.4,44.4,EF-02,False
ENV-301174,2026-06-03 14:00,J,28.0,70.8,EF-08,False
ENV-301175,2026-05-12 13:00,F,28.9,60.6,EF-08,False
ENV-301176,2026-06-19 06:00,C,36.8,46.9,EF-08,False
ENV-301177,2026-05-02 16:00,D,18.1,64.5,EF-03,False
ENV-301178,2026-07-10 17:00,B,26.0,42.1,EF-08,False
ENV-301179,2026-06-20 01:00,B,25.2,67.3,EF-04,False
ENV-301180,2026-04-30 15:00,J,21.4,68.2,EF-07,False
ENV-301181,2026-07-26 16:00,F,34.6,54.6,EF-05,False
ENV-301182,2026-04-29 05:00,C,29.9,21.0,EF-06,False
ENV-301183,2026-07-05 17:00,G,22.9,42.7,EF-07,False
ENV-301184,2026-05-24 06:00,E,25.7,69.4,EF-05,False
ENV-301185,2026-05-03 21:00,I,23.4,45.9,EF-08,False
ENV-301186,2026-05-20 13:00,C,22.3,48.4,EF-03,False
ENV-301187,2026-07-09 14:00,G,33.0,66.7,EF-06,False
ENV-301188,2026-05-19 12:00,A,30.1,44.7,EF-02,False
ENV-301189,2026-07-09 20:00,C,21.0,86.0,EF-04,False
ENV-301190,2026-06-23 16:00,I,22.0,51.4,EF-02,False
ENV-301191,2026-04-29 11:00,A,21.0,66.7,EF-06,False
ENV-301192,2026-06-26 09:00,D,31.6,60.2,EF-08,False
ENV-301193,2026-06-19 07:00,H,30.9,51.2,EF-07,False
ENV-301194,2026-06-10 13:00,H,28.5,37.1,EF-01,False
ENV-301195,2026-06-17 15:00,G,23.0,60.7,EF-06,False
ENV-301196,2026-05-19 18:00,B,30.0,19.5,EF-04,False
ENV-301197,2026-07-13 22:00,G,27.1,43.8,EF-04,False
ENV-301198,2026-05-06 16:00,J,29.5,59.1,EF-04,False
ENV-301199,2026-06-29 16:00,B,29.0,64.2,EF-04,False
ENV-301200,2026-07-01 13:00,D,32.9,71.1,EF-01,False
ENV-301201,2026-05-25 00:00,A,27.8,38.0,EF-02,False
ENV-301202,2026-07-17 20:00,H,27.2,56.6,EF-01,False
ENV-301203,2026-06-22 00:00,J,25.8,55.5,EF-05,False
ENV-301204,2026-06-23 14:00,J,20.6,27.6,EF-06,False
ENV-301205,2026-07-12 14:00,D,30.0,33.8,EF-06,False
ENV-301206,2026-05-25 10:00,J,26.0,57.3,EF-01,False
ENV-301207,2026-05-22 13:00,C,17.8,46.6,EF-06,False
ENV-301208,2026-05-28 08:00,F,28.1,41.8,EF-02,False
ENV-301209,2026-07-24 16:00,A,27.1,73.5,EF-07,False
ENV-301210,2026-05-24 10:00,G,34.3,70.2,EF-01,False
ENV-301211,2026-05-24 10:00,H,28.4,39.1,EF-02,False
ENV-301212,2026-07-05 09:00,C,26.2,47.0,EF-04,False
ENV-301213,2026-07-25 02:00,C,29.9,41.8,EF-04,False
ENV-301214,2026-06-10 10:00,E,26.7,63.5,EF-08,False
ENV-301215,2026-07-19 01:00,H,33.1,80.3,EF-08,False
ENV-301216,2026-07-05 00:00,E,19.2,57.3,EF-06,False
ENV-301217,2026-06-20 15:00,F,29.8,84.0,EF-06,False
ENV-301218,2026-06-14 18:00,A,34.0,75.3,EF-04,False
ENV-301219,2026-05-04 20:00,D,32.9,68.6,EF-06,False
ENV-301220,2026-05-13 05:00,E,23.1,37.4,EF-08,False
ENV-301221,2026-06-23 04:00,B,26.5,54.8,EF-08,False
ENV-301222,2026-05-31 22:00,J,21.0,22.0,EF-03,False
ENV-301223,2026-07-21 05:00,F,31.5,49.6,EF-06,False
ENV-301224,2026-05-16 20:00,G,33.1,38.2,EF-06,False
ENV-301225,2026-07-19 08:00,C,29.2,66.2,EF-04,False
ENV-301226,2026-06-23 09:00,C,25.6,41.2,EF-01,False
ENV-301227,2026-06-12 22:00,I,21.3,62.0,EF-07,False
ENV-301228,2026-05-26 20:00,I,28.0,73.7,EF-08,False
ENV-301229,2026-05-25 09:00,H,24.8,53.6,EF-06,False
ENV-301230,2026-06-05 08:00,E,28.0,61.6,EF-04,False
ENV-301231,2026-07-17 08:00,J,34.3,61.5,EF-07,True
ENV-301232,2026-05-25 07:00,C,28.0,41.2,EF-08,False
ENV-301233,2026-06-15 23:00,G,38.3,56.1,EF-08,False
ENV-301234,2026-07-07 12:00,B,28.1,36.3,EF-01,False
ENV-301235,2026-05-15 18:00,B,28.6,60.4,EF-08,False
ENV-301236,2026-07-09 15:00,H,21.7,26.8,EF-03,False
ENV-301237,2026-06-01 14:00,F,30.3,45.0,EF-02,False
ENV-301238,2026-05-10 18:00,B,30.9,49.1,EF-07,False
ENV-301239,2026-07-03 16:00,F,26.0,53.7,EF-03,False
ENV-301240,2026-06-30 15:00,I,24.2,40.0,EF-03,False
ENV-301241,2026-06-21 10:00,H,26.7,57.5,EF-03,False
ENV-301242,2026-05-17 09:00,D,31.6,51.0,EF-07,False
ENV-301243,2026-07-20 16:00,H,24.9,44.5,EF-03,False
ENV-301244,2026-05-23 21:00,J,23.4,45.0,EF-05,False
ENV-301245,2026-06-21 14:00,J,22.4,61.1,EF-02,False
ENV-301246,2026-05-27 10:00,I,35.4,69.0,EF-06,False
ENV-301247,2026-07-10 17:00,D,34.6,57.9,EF-04,False
ENV-301248,2026-07-12 06:00,D,20.4,61.6,EF-06,False
ENV-301249,2026-05-17 21:00,A,29.0,80.7,EF-06,False
ENV-301250,2026-07-10 09:00,H,26.5,42.3,EF-02,False
ENV-301251,2026-05-30 23:00,I,29.0,41.4,EF-01,False
ENV-301252,2026-06-17 18:00,A,24.9,49.4,EF-02,False
ENV-301253,2026-06-26 00:00,C,26.4,62.7,EF-03,False
ENV-301254,2026-05-19 16:00,J,29.4,45.3,EF-07,False
ENV-301255,2026-05-03 08:00,I,36.7,58.9,EF-05,False
ENV-301256,2026-05-31 18:00,I,29.1,53.3,EF-03,False
ENV-301257,2026-07-24 06:00,F,22.4,67.6,EF-04,False
ENV-301258,2026-07-23 11:00,H,31.6,50.6,EF-07,False
ENV-301259,2026-05-01 08:00,J,32.5,19.7,EF-04,False
ENV-301260,2026-07-24 23:00,B,21.2,60.8,EF-06,False
ENV-301261,2026-06-19 04:00,E,25.3,54.8,EF-06,False
ENV-301262,2026-06-11 05:00,I,22.5,69.8,EF-07,False
ENV-301263,2026-07-06 07:00,G,29.7,52.2,EF-04,False
ENV-301264,2026-07-25 11:00,J,26.1,65.7,EF-07,False
ENV-301265,2026-07-17 05:00,J,27.9,71.6,EF-04,False
ENV-301266,2026-07-13 16:00,E,27.9,56.3,EF-06,False
ENV-301267,2026-05-09 09:00,I,31.3,82.5,EF-03,False
ENV-301268,2026-05-16 21:00,J,29.9,65.0,EF-06,False
ENV-301269,2026-05-09 00:00,J,33.3,46.2,EF-08,False
ENV-301270,2026-05-27 01:00,H,32.9,40.8,EF-02,False
ENV-301271,2026-07-07 10:00,I,25.1,53.0,EF-07,False
ENV-301272,2026-05-07 12:00,H,25.3,46.3,EF-07,False
ENV-301273,2026-05-15 03:00,F,23.7,55.7,EF-02,False
ENV-301274,2026-07-14 13:00,C,30.2,41.7,EF-02,False
ENV-301275,2026-06-26 15:00,F,19.1,33.3,EF-06,False
ENV-301276,2026-07-26 09:00,E,22.9,56.6,EF-02,False
ENV-301277,2026-06-28 07:00,F,20.5,69.1,EF-07,False
ENV-301278,2026-05-10 21:00,D,30.3,30.6,EF-04,False
ENV-301279,2026-06-12 16:00,A,34.1,45.7,EF-04,False
ENV-301280,2026-05-15 08:00,G,22.1,60.8,EF-04,False
ENV-301281,2026-06-28 07:00,A,33.7,30.5,EF-05,False
ENV-301282,2026-05-14 01:00,I,34.6,65.9,EF-03,False
ENV-301283,2026-05-16 15:00,H,35.2,63.2,EF-05,False
ENV-301284,2026-07-04 22:00,I,24.3,45.1,EF-07,False
ENV-301285,2026-07-26 14:00,A,22.2,53.2,EF-07,False
ENV-301286,2026-06-30 06:00,B,28.8,42.4,EF-08,False
ENV-301287,2026-05-08 14:00,C,30.3,32.0,EF-04,False
ENV-301288,2026-06-05 22:00,C,31.5,52.3,EF-07,False
ENV-301289,2026-06-22 09:00,I,19.1,51.2,EF-03,False
ENV-301290,2026-05-21 01:00,F,24.4,44.2,EF-05,False
ENV-301291,2026-07-12 02:00,I,19.4,24.5,EF-07,False
ENV-301292,2026-07-10 08:00,C,26.6,58.8,EF-03,False
ENV-301293,2026-06-06 03:00,J,26.2,24.1,EF-03,False
ENV-301294,2026-06-16 20:00,I,31.8,68.0,EF-07,False
ENV-301295,2026-06-28 00:00,A,26.9,82.5,EF-08,False
ENV-301296,2026-07-16 16:00,D,21.9,70.2,EF-07,True
ENV-301297,2026-07-22 18:00,C,24.4,50.8,EF-05,False
ENV-301298,2026-05-18 04:00,J,17.9,46.3,EF-07,False
ENV-301299,2026-06-20 02:00,J,29.1,63.2,EF-08,False
ENV-301300,2026-05-31 04:00,E,24.6,20.5,EF-07,False
ENV-301301,2026-05-15 12:00,G,18.3,54.2,EF-08,False
ENV-301302,2026-06-15 06:00,H,16.4,61.2,EF-03,False
ENV-301303,2026-07-14 00:00,B,22.9,41.4,EF-01,False
ENV-301304,2026-06-17 14:00,A,25.2,35.6,EF-01,False
ENV-301305,2026-06-13 00:00,A,30.6,43.0,EF-07,False
ENV-301306,2026-05-29 18:00,H,23.7,61.2,EF-02,False
ENV-301307,2026-05-18 11:00,H,24.4,47.1,EF-04,False
ENV-301308,2026-05-24 21:00,H,23.0,56.1,EF-02,False
ENV-301309,2026-06-16 01:00,C,27.2,50.2,EF-07,False
ENV-301310,2026-05-10 11:00,D,36.0,44.5,EF-07,False
ENV-301311,2026-07-10 20:00,F,25.1,37.4,EF-07,False
ENV-301312,2026-05-08 01:00,H,25.9,48.4,EF-04,False
ENV-301313,2026-07-13 02:00,F,29.5,65.4,EF-05,False
ENV-301314,2026-05-27 23:00,D,30.7,36.3,EF-01,False
ENV-301315,2026-07-06 20:00,D,21.2,49.8,EF-05,False
ENV-301316,2026-05-17 08:00,F,23.5,74.9,EF-06,False
ENV-301317,2026-06-09 21:00,H,25.5,50.3,EF-04,False
ENV-301318,2026-05-06 08:00,C,21.1,58.8,EF-01,False
ENV-301319,2026-05-03 05:00,J,34.7,37.5,EF-06,False
ENV-301320,2026-06-18 10:00,J,29.1,71.4,EF-07,False
ENV-301321,2026-06-03 10:00,F,24.1,63.2,EF-06,False
ENV-301322,2026-07-01 15:00,D,16.2,69.0,EF-03,False
ENV-301323,2026-07-15 12:00,G,22.7,42.4,EF-03,False
ENV-301324,2026-07-17 13:00,D,25.4,54.9,EF-08,False
ENV-301325,2026-07-17 00:00,A,25.7,42.8,EF-01,False
ENV-301326,2026-06-08 18:00,D,23.7,49.6,EF-07,False
ENV-301327,2026-06-06 08:00,E,28.1,71.7,EF-08,False
ENV-301328,2026-06-07 15:00,H,26.7,75.4,EF-08,False
ENV-301329,2026-06-13 14:00,D,20.9,56.2,EF-06,False
ENV-301330,2026-05-29 03:00,H,25.7,45.5,EF-05,False
ENV-301331,2026-05-07 03:00,H,26.7,82.3,EF-02,False
ENV-301332,2026-07-03 16:00,C,34.2,48.7,EF-02,False
ENV-301333,2026-06-30 13:00,G,24.7,61.6,EF-02,False
ENV-301334,2026-07-19 17:00,G,22.4,79.2,EF-06,False
ENV-301335,2026-06-18 08:00,D,24.5,43.4,EF-05,False
ENV-301336,2026-06-22 10:00,J,21.7,50.6,EF-08,False
ENV-301337,2026-05-31 16:00,C,26.6,67.8,EF-08,False
ENV-301338,2026-06-01 17:00,D,30.9,51.3,EF-06,False
ENV-301339,2026-06-09 14:00,A,21.2,62.6,EF-04,False
ENV-301340,2026-07-03 05:00,J,26.2,35.7,EF-06,False
ENV-301341,2026-06-02 03:00,H,25.7,76.7,EF-04,False
ENV-301342,2026-06-22 07:00,E,30.8,60.2,EF-05,False
ENV-301343,2026-06-20 01:00,H,23.2,83.1,EF-07,False
ENV-301344,2026-07-26 09:00,A,35.2,43.7,EF-02,False
ENV-301345,2026-05-13 02:00,E,21.7,22.3,EF-06,False
ENV-301346,2026-07-16 09:00,E,23.6,95.0,EF-04,False
ENV-301347,2026-07-23 18:00,E,22.4,42.7,EF-07,False
ENV-301348,2026-05-11 09:00,J,25.9,50.0,EF-07,False
ENV-301349,2026-06-21 05:00,J,27.8,62.5,EF-04,False
ENV-301350,2026-05-19 04:00,H,24.8,57.4,EF-06,False
ENV-301351,2026-05-16 07:00,A,32.5,47.1,EF-08,False
ENV-301352,2026-05-24 01:00,H,26.1,85.0,EF-06,False
ENV-301353,2026-06-02 05:00,I,29.4,71.5,EF-07,False
ENV-301354,2026-04-29 16:00,A,25.9,26.7,EF-01,False
ENV-301355,2026-07-05 05:00,I,23.7,49.5,EF-05,False
ENV-301356,2026-06-30 15:00,B,28.9,46.8,EF-05,False
ENV-301357,2026-06-01 12:00,D,25.8,80.5,EF-02,False
ENV-301358,2026-05-06 14:00,D,27.0,75.2,EF-08,False
ENV-301359,2026-06-18 00:00,E,27.6,84.3,EF-07,False
ENV-301360,2026-07-16 10:00,I,28.7,75.1,EF-08,False
ENV-301361,2026-07-04 02:00,D,33.7,47.7,EF-04,False
ENV-301362,2026-05-10 04:00,J,22.3,38.1,EF-01,False
ENV-301363,2026-07-01 15:00,B,35.2,16.9,EF-02,False
ENV-301364,2026-05-24 04:00,G,35.0,39.3,EF-05,False
ENV-301365,2026-06-12 18:00,A,29.4,44.6,EF-06,False
ENV-301366,2026-07-25 00:00,C,33.9,56.1,EF-04,False
ENV-301367,2026-06-28 18:00,G,27.0,72.6,EF-05,False
ENV-301368,2026-05-05 21:00,C,32.8,46.7,EF-03,False
ENV-301369,2026-06-25 19:00,D,29.2,59.9,EF-06,False
ENV-301370,2026-07-04 10:00,G,31.9,47.4,EF-05,False
ENV-301371,2026-06-14 19:00,I,23.7,37.6,EF-04,False
ENV-301372,2026-05-21 09:00,D,15.1,77.2,EF-08,False
ENV-301373,2026-05-04 10:00,E,31.9,85.0,EF-04,False
ENV-301374,2026-06-14 14:00,B,31.1,53.7,EF-07,False
ENV-301375,2026-05-30 13:00,G,18.1,68.5,EF-05,False
ENV-301376,2026-07-02 06:00,A,23.1,50.0,EF-08,False
ENV-301377,2026-05-24 17:00,J,32.2,62.4,EF-07,False
ENV-301378,2026-06-16 12:00,I,26.8,47.0,EF-08,False
ENV-301379,2026-07-26 20:00,F,35.1,43.3,EF-08,False
ENV-301380,2026-06-02 08:00,J,20.1,78.5,EF-03,False
ENV-301381,2026-07-03 11:00,J,35.3,72.3,EF-03,False
ENV-301382,2026-06-04 05:00,I,23.0,66.5,EF-06,False
ENV-301383,2026-05-18 03:00,C,22.0,62.3,EF-03,False
ENV-301384,2026-05-23 20:00,B,28.4,60.4,EF-02,False
ENV-301385,2026-06-10 09:00,E,32.5,73.3,EF-08,False
ENV-301386,2026-06-01 13:00,B,30.4,45.1,EF-02,False
ENV-301387,2026-04-30 06:00,J,22.0,65.6,EF-07,False
ENV-301388,2026-06-04 14:00,D,25.5,46.7,EF-01,False
ENV-301389,2026-06-25 12:00,C,26.2,71.0,EF-03,False
ENV-301390,2026-07-20 01:00,C,21.0,44.8,EF-04,False
ENV-301391,2026-06-17 09:00,B,17.4,66.0,EF-01,False
ENV-301392,2026-04-29 18:00,I,26.2,39.7,EF-02,False
ENV-301393,2026-05-07 09:00,J,34.9,57.0,EF-05,False
ENV-301394,2026-05-18 21:00,B,25.6,50.3,EF-03,False
ENV-301395,2026-05-11 03:00,C,20.6,55.5,EF-04,False
ENV-301396,2026-06-12 03:00,H,34.9,30.5,EF-05,False
ENV-301397,2026-05-22 03:00,I,24.3,56.9,EF-03,False
ENV-301398,2026-06-13 16:00,E,25.0,40.9,EF-07,False
ENV-301399,2026-07-26 23:00,J,28.6,49.6,EF-08,False
ENV-301400,2026-06-29 17:00,J,28.3,58.4,EF-07,False
ENV-301401,2026-06-09 21:00,I,25.5,61.6,EF-05,False
ENV-301402,2026-06-11 11:00,C,22.2,48.0,EF-06,False
ENV-301403,2026-06-01 10:00,J,23.4,47.1,EF-03,False
ENV-301404,2026-07-14 14:00,C,26.8,73.5,EF-05,False
ENV-301405,2026-05-09 23:00,I,31.3,62.9,EF-01,False
ENV-301406,2026-07-03 03:00,E,24.7,56.6,EF-03,False
ENV-301407,2026-06-01 14:00,A,29.7,63.7,EF-03,False
ENV-301408,2026-05-26 09:00,F,22.9,57.4,EF-04,False
ENV-301409,2026-07-10 00:00,G,27.9,82.3,EF-01,False
ENV-301410,2026-06-10 07:00,I,32.1,61.8,EF-05,False
ENV-301411,2026-06-28 13:00,F,23.3,33.7,EF-07,False
ENV-301412,2026-05-22 11:00,H,25.5,51.3,EF-01,False
ENV-301413,2026-07-12 06:00,I,25.3,43.7,EF-05,False
ENV-301414,2026-06-28 18:00,E,26.3,64.2,EF-05,False
ENV-301415,2026-05-24 08:00,I,23.2,37.5,EF-02,False
ENV-301416,2026-06-21 09:00,I,28.1,36.2,EF-02,False
ENV-301417,2026-05-03 06:00,D,30.9,39.1,EF-03,False
ENV-301418,2026-05-11 09:00,B,19.2,60.0,EF-04,False
ENV-301419,2026-07-05 02:00,B,19.6,55.7,EF-05,False
ENV-301420,2026-06-14 01:00,G,30.5,10.4,EF-03,False
ENV-301421,2026-05-25 13:00,C,26.5,48.7,EF-05,False
ENV-301422,2026-07-21 00:00,E,38.8,42.5,EF-08,False
ENV-301423,2026-06-14 17:00,D,26.4,52.1,EF-06,False
ENV-301424,2026-07-11 15:00,G,28.3,43.8,EF-01,False
ENV-301425,2026-06-30 00:00,F,22.4,27.7,EF-03,False
ENV-301426,2026-05-18 23:00,C,28.5,77.0,EF-01,False
ENV-301427,2026-06-13 07:00,H,15.5,71.1,EF-05,False
ENV-301428,2026-05-16 18:00,J,21.6,38.0,EF-03,False
ENV-301429,2026-07-12 17:00,J,25.9,75.5,EF-08,False
ENV-301430,2026-07-27 17:00,A,29.9,60.9,EF-07,False
ENV-301431,2026-05-22 05:00,E,24.5,85.5,EF-08,False
ENV-301432,2026-06-17 07:00,J,31.0,60.9,EF-07,False
ENV-301433,2026-05-03 07:00,D,23.5,66.3,EF-02,False
ENV-301434,2026-06-11 19:00,A,21.8,42.9,EF-07,False
ENV-301435,2026-05-23 05:00,J,23.3,49.5,EF-02,False
ENV-301436,2026-06-18 22:00,B,35.4,49.4,EF-07,False
ENV-301437,2026-05-09 05:00,F,15.8,58.2,EF-01,False
ENV-301438,2026-06-17 05:00,F,24.2,77.3,EF-07,False
ENV-301439,2026-05-18 05:00,E,22.0,70.0,EF-08,False
ENV-301440,2026-05-16 10:00,J,31.6,52.5,EF-03,False
ENV-301441,2026-05-14 01:00,I,28.5,64.7,EF-03,False
ENV-301442,2026-05-30 06:00,D,27.6,54.7,EF-08,False
ENV-301443,2026-06-22 18:00,G,23.9,45.7,EF-08,False
ENV-301444,2026-05-14 09:00,A,20.1,58.2,EF-05,False
ENV-301445,2026-06-18 21:00,H,24.2,52.4,EF-05,False
ENV-301446,2026-06-26 22:00,H,30.9,79.5,EF-02,False
ENV-301447,2026-06-06 03:00,E,23.3,33.2,EF-04,False
ENV-301448,2026-07-22 13:00,A,25.3,42.8,EF-08,False
ENV-301449,2026-07-25 21:00,F,24.2,60.4,EF-04,False
ENV-301450,2026-06-05 22:00,C,30.0,69.0,EF-05,False
ENV-301451,2026-05-16 03:00,D,21.6,48.1,EF-07,False
ENV-301452,2026-05-11 10:00,D,25.9,54.2,EF-06,False
ENV-301453,2026-06-05 07:00,I,36.2,40.3,EF-05,False
ENV-301454,2026-06-08 00:00,B,32.3,67.3,EF-02,False
ENV-301455,2026-07-10 05:00,I,20.2,60.3,EF-01,False
ENV-301456,2026-05-24 18:00,D,18.4,57.5,EF-03,False
ENV-301457,2026-05-22 18:00,A,27.5,54.1,EF-08,False
ENV-301458,2026-06-11 07:00,E,30.9,65.8,EF-08,False
ENV-301459,2026-07-09 02:00,H,20.2,56.1,EF-08,False
ENV-301460,2026-07-12 11:00,C,23.7,84.9,EF-08,False
ENV-301461,2026-07-21 05:00,D,22.3,65.0,EF-03,False
ENV-301462,2026-06-22 05:00,C,25.0,51.2,EF-03,False
ENV-301463,2026-04-29 13:00,H,31.4,47.9,EF-04,False
ENV-301464,2026-06-24 10:00,A,29.4,68.5,EF-08,False
ENV-301465,2026-07-22 13:00,C,32.4,54.0,EF-02,False
ENV-301466,2026-05-01 00:00,J,20.2,55.0,EF-03,False
ENV-301467,2026-05-02 04:00,H,26.9,65.1,EF-01,False
ENV-301468,2026-07-22 23:00,E,22.9,71.0,EF-07,False
ENV-301469,2026-07-16 04:00,G,26.1,46.2,EF-07,True
ENV-301470,2026-07-07 06:00,J,33.7,90.3,EF-02,False
ENV-301471,2026-06-25 06:00,J,25.6,61.3,EF-07,False
ENV-301472,2026-06-07 07:00,H,30.1,43.1,EF-06,False
ENV-301473,2026-05-12 16:00,C,31.2,55.8,EF-08,False
ENV-301474,2026-07-10 03:00,D,19.9,46.7,EF-01,False
ENV-301475,2026-05-23 20:00,D,24.8,50.8,EF-07,False
ENV-301476,2026-07-17 08:00,F,32.4,84.4,EF-07,True
ENV-301477,2026-07-17 07:00,H,26.0,65.5,EF-07,True
ENV-301478,2026-07-06 06:00,B,26.2,28.2,EF-06,False
ENV-301479,2026-05-25 15:00,A,26.7,85.6,EF-07,False
ENV-301480,2026-07-02 14:00,H,25.8,65.9,EF-06,False
ENV-301481,2026-06-15 00:00,I,29.0,43.2,EF-07,False
ENV-301482,2026-06-30 21:00,D,26.2,56.9,EF-04,False
ENV-301483,2026-07-25 13:00,E,28.1,69.2,EF-08,False
ENV-301484,2026-07-19 08:00,A,31.2,58.4,EF-08,False
ENV-301485,2026-07-14 01:00,D,36.5,53.4,EF-07,False
ENV-301486,2026-07-20 21:00,G,26.6,55.3,EF-04,False
ENV-301487,2026-07-08 13:00,D,32.5,68.0,EF-02,False
ENV-301488,2026-06-21 23:00,F,17.6,71.8,EF-01,False
ENV-301489,2026-05-02 10:00,G,21.7,67.7,EF-04,False
ENV-301490,2026-05-06 02:00,H,28.2,69.8,EF-05,False
ENV-301491,2026-05-18 13:00,F,34.0,37.1,EF-08,False
ENV-301492,2026-07-26 15:00,C,23.5,48.4,EF-05,False
ENV-301493,2026-06-15 03:00,F,29.8,36.4,EF-04,False
ENV-301494,2026-06-07 12:00,G,29.2,36.4,EF-06,False
ENV-301495,2026-06-11 08:00,E,29.7,63.5,EF-06,False
ENV-301496,2026-05-28 22:00,F,30.9,44.2,EF-04,False
ENV-301497,2026-07-27 01:00,I,30.1,44.6,EF-03,False
ENV-301498,2026-07-19 12:00,H,37.7,56.2,EF-02,False
ENV-301499,2026-07-09 14:00,H,33.1,43.8,EF-07,False
ENV-301500,2026-05-18 21:00,H,21.7,55.8,EF-04,False
ENV-301501,2026-06-12 17:00,J,19.4,61.1,EF-04,False
ENV-301502,2026-05-11 19:00,B,30.6,67.2,EF-03,False
ENV-301503,2026-05-26 04:00,F,27.2,44.4,EF-03,False
ENV-301504,2026-07-14 02:00,A,16.5,56.7,EF-03,False
ENV-301505,2026-05-14 18:00,G,27.7,78.4,EF-04,False
ENV-301506,2026-05-01 20:00,B,24.4,58.7,EF-03,False
ENV-301507,2026-06-28 19:00,D,22.5,47.1,EF-03,False
ENV-301508,2026-05-19 05:00,J,28.1,31.4,EF-04,False
ENV-301509,2026-07-08 23:00,I,22.1,67.0,EF-08,False
ENV-301510,2026-05-26 07:00,F,33.1,43.6,EF-05,False
ENV-301511,2026-04-30 08:00,B,27.3,53.3,EF-06,False
ENV-301512,2026-05-28 01:00,E,27.0,36.7,EF-02,False
ENV-301513,2026-05-06 02:00,H,33.2,58.3,EF-08,False
ENV-301514,2026-06-30 07:00,F,28.8,55.0,EF-06,False
ENV-301515,2026-06-02 23:00,B,28.7,50.2,EF-02,False
ENV-301516,2026-06-29 13:00,I,29.6,37.3,EF-07,False
ENV-301517,2026-05-24 15:00,D,31.4,71.4,EF-02,False
ENV-301518,2026-06-16 21:00,G,33.4,53.5,EF-02,False
ENV-301519,2026-07-23 22:00,I,25.7,53.6,EF-04,False
ENV-301520,2026-07-01 19:00,D,28.9,59.4,EF-07,False
ENV-301521,2026-05-11 23:00,A,33.1,68.8,EF-05,False
ENV-301522,2026-06-18 15:00,I,25.6,80.1,EF-04,False
ENV-301523,2026-07-19 04:00,B,31.6,79.9,EF-07,False
ENV-301524,2026-06-08 12:00,I,22.3,68.2,EF-04,False
ENV-301525,2026-07-24 03:00,D,22.4,40.2,EF-01,False
ENV-301526,2026-05-13 14:00,H,32.1,51.5,EF-08,False
ENV-301527,2026-05-12 04:00,D,23.7,55.2,EF-02,False
ENV-301528,2026-05-25 22:00,H,27.1,70.3,EF-08,False
ENV-301529,2026-07-10 11:00,H,26.3,52.3,EF-01,False
ENV-301530,2026-05-28 21:00,A,30.8,32.0,EF-08,False
ENV-301531,2026-06-03 00:00,J,19.5,41.0,EF-03,False
ENV-301532,2026-06-20 16:00,B,18.6,50.5,EF-06,False
ENV-301533,2026-06-02 04:00,F,19.0,30.3,EF-08,False
ENV-301534,2026-05-28 21:00,I,22.3,63.2,EF-03,False
ENV-301535,2026-06-20 03:00,I,26.1,62.3,EF-01,False
ENV-301536,2026-07-06 07:00,G,26.6,74.1,EF-06,False
ENV-301537,2026-05-25 21:00,G,32.4,43.0,EF-04,False
ENV-301538,2026-06-23 19:00,A,26.7,80.8,EF-06,False
ENV-301539,2026-05-10 13:00,B,36.0,47.5,EF-01,False
ENV-301540,2026-05-06 11:00,H,28.4,75.9,EF-04,False
ENV-301541,2026-05-14 20:00,A,28.1,52.1,EF-01,False
ENV-301542,2026-07-27 19:00,I,24.2,41.7,EF-07,False
ENV-301543,2026-05-15 23:00,E,34.5,81.0,EF-04,False
ENV-301544,2026-07-02 02:00,A,21.9,39.6,EF-07,False
ENV-301545,2026-06-21 22:00,F,35.4,49.7,EF-06,False
ENV-301546,2026-07-19 13:00,G,23.3,51.0,EF-02,False
ENV-301547,2026-06-13 01:00,F,26.3,67.5,EF-08,False
ENV-301548,2026-07-18 11:00,H,35.1,62.2,EF-01,False
ENV-301549,2026-04-30 12:00,C,28.6,64.1,EF-07,False
ENV-301550,2026-07-17 06:00,D,26.9,52.4,EF-07,True
ENV-301551,2026-07-23 12:00,E,19.6,37.2,EF-03,False
ENV-301552,2026-06-27 01:00,C,28.3,70.3,EF-04,False
ENV-301553,2026-05-02 00:00,A,23.0,26.5,EF-06,False
ENV-301554,2026-06-25 18:00,G,24.0,34.6,EF-08,False
ENV-301555,2026-07-03 20:00,C,29.7,70.9,EF-05,False
ENV-301556,2026-07-26 16:00,F,26.7,47.9,EF-08,False
ENV-301557,2026-06-22 06:00,C,25.4,54.7,EF-07,False
ENV-301558,2026-06-07 22:00,D,31.8,66.7,EF-04,False
ENV-301559,2026-06-29 23:00,B,30.0,79.2,EF-03,False
ENV-301560,2026-05-02 15:00,B,31.6,51.6,EF-04,False
ENV-301561,2026-05-01 04:00,I,23.6,54.2,EF-07,False
ENV-301562,2026-05-30 02:00,G,26.2,67.0,EF-08,False
ENV-301563,2026-05-27 08:00,G,25.7,56.9,EF-08,False
ENV-301564,2026-06-16 06:00,B,28.2,38.7,EF-02,False
ENV-301565,2026-07-22 22:00,A,31.7,62.8,EF-02,False
ENV-301566,2026-07-09 06:00,I,28.6,80.6,EF-08,False
ENV-301567,2026-05-04 16:00,C,21.2,73.9,EF-04,False
ENV-301568,2026-06-08 05:00,J,24.4,39.4,EF-05,False
ENV-301569,2026-07-08 23:00,B,15.1,64.7,EF-04,False
ENV-301570,2026-06-13 17:00,E,32.4,26.2,EF-05,False
ENV-301571,2026-07-14 09:00,C,30.1,37.4,EF-01,False
ENV-301572,2026-06-05 02:00,B,17.4,53.6,EF-01,False
ENV-301573,2026-05-10 12:00,I,28.7,88.8,EF-07,False
ENV-301574,2026-06-07 01:00,B,26.4,44.4,EF-06,False
ENV-301575,2026-05-17 06:00,C,30.5,53.8,EF-06,False
ENV-301576,2026-05-18 19:00,C,26.7,43.8,EF-03,False
ENV-301577,2026-05-19 00:00,E,30.7,51.7,EF-07,False
ENV-301578,2026-07-12 18:00,J,24.7,54.4,EF-04,False
ENV-301579,2026-06-01 23:00,B,18.7,53.5,EF-07,False
ENV-301580,2026-07-24 22:00,D,29.7,74.2,EF-04,False
ENV-301581,2026-05-04 15:00,D,24.5,25.2,EF-03,False
ENV-301582,2026-05-20 02:00,D,26.8,29.7,EF-04,False
ENV-301583,2026-07-16 23:00,I,27.3,67.6,EF-07,True
ENV-301584,2026-05-25 10:00,J,20.1,40.1,EF-04,False
ENV-301585,2026-06-12 02:00,B,24.8,67.7,EF-02,False
ENV-301586,2026-06-03 10:00,A,32.1,41.6,EF-01,False
ENV-301587,2026-06-30 11:00,C,26.2,46.5,EF-06,False
ENV-301588,2026-06-12 23:00,G,22.6,34.1,EF-05,False
ENV-301589,2026-05-18 15:00,B,22.9,71.5,EF-08,False
ENV-301590,2026-07-13 09:00,J,20.1,50.2,EF-02,False
ENV-301591,2026-05-23 14:00,C,29.3,72.2,EF-08,False
ENV-301592,2026-06-21 19:00,E,29.1,62.5,EF-07,False
ENV-301593,2026-06-09 09:00,A,39.1,58.0,EF-01,False
ENV-301594,2026-05-21 09:00,H,29.5,64.5,EF-02,False
ENV-301595,2026-05-03 04:00,D,25.6,67.8,EF-07,False
ENV-301596,2026-06-30 11:00,E,34.8,52.7,EF-03,False
ENV-301597,2026-07-15 06:00,G,26.5,47.9,EF-06,False
ENV-301598,2026-06-24 16:00,F,17.1,56.2,EF-04,False
ENV-301599,2026-07-25 05:00,J,23.7,46.9,EF-03,False
ENV-301600,2026-07-21 09:00,F,31.2,51.1,EF-04,False
ENV-301601,2026-06-22 03:00,E,31.4,60.5,EF-05,False
ENV-301602,2026-07-01 14:00,H,31.4,70.5,EF-01,False
ENV-301603,2026-05-12 17:00,H,26.7,53.8,EF-03,False
ENV-301604,2026-06-19 21:00,B,25.4,45.0,EF-05,False
ENV-301605,2026-05-24 11:00,J,31.4,95.0,EF-02,False
ENV-301606,2026-06-17 08:00,I,23.7,54.1,EF-06,False
ENV-301607,2026-05-24 11:00,J,32.7,84.0,EF-08,False
ENV-301608,2026-06-30 14:00,F,23.8,61.9,EF-06,False
ENV-301609,2026-06-07 10:00,F,24.7,44.0,EF-06,False
ENV-301610,2026-05-18 19:00,G,26.9,46.6,EF-02,False
ENV-301611,2026-05-20 18:00,A,29.4,58.6,EF-07,False
ENV-301612,2026-06-24 13:00,H,24.5,74.0,EF-04,False
ENV-301613,2026-07-20 11:00,A,31.5,36.5,EF-01,False
ENV-301614,2026-05-21 13:00,J,19.6,59.6,EF-05,False
ENV-301615,2026-05-13 20:00,C,34.3,60.4,EF-05,False
ENV-301616,2026-05-17 13:00,A,25.8,72.0,EF-01,False
ENV-301617,2026-05-21 22:00,J,27.4,61.1,EF-03,False
ENV-301618,2026-06-07 21:00,F,30.1,37.4,EF-08,False
ENV-301619,2026-05-17 02:00,G,26.4,71.7,EF-06,False
ENV-301620,2026-07-02 10:00,F,29.5,56.3,EF-06,False
ENV-301621,2026-06-20 03:00,G,29.3,68.1,EF-02,False
ENV-301622,2026-05-24 23:00,D,30.4,38.8,EF-08,False
ENV-301623,2026-07-07 16:00,D,24.1,89.6,EF-02,False
ENV-301624,2026-06-09 09:00,E,26.5,61.7,EF-07,False
ENV-301625,2026-05-14 02:00,G,23.5,50.2,EF-03,False
ENV-301626,2026-05-08 02:00,H,27.9,55.1,EF-03,False
ENV-301627,2026-05-08 01:00,G,23.3,54.5,EF-02,False
ENV-301628,2026-07-14 09:00,B,32.1,40.0,EF-06,False
ENV-301629,2026-07-10 02:00,A,36.9,23.3,EF-01,False
ENV-301630,2026-05-12 12:00,F,27.2,58.1,EF-02,False
ENV-301631,2026-05-05 13:00,B,30.5,44.5,EF-06,False
ENV-301632,2026-05-27 14:00,J,23.1,79.9,EF-03,False
ENV-301633,2026-05-13 02:00,D,16.9,53.4,EF-01,False
ENV-301634,2026-07-20 21:00,I,31.8,38.6,EF-06,False
ENV-301635,2026-06-23 21:00,A,26.4,54.5,EF-02,False
ENV-301636,2026-06-27 09:00,J,34.5,75.2,EF-04,False
ENV-301637,2026-05-21 06:00,G,21.4,47.7,EF-01,False
ENV-301638,2026-06-15 06:00,H,25.1,44.9,EF-01,False
ENV-301639,2026-07-25 15:00,J,30.4,66.4,EF-02,False
ENV-301640,2026-06-01 06:00,F,24.9,10.4,EF-03,False
ENV-301641,2026-06-02 13:00,G,33.1,60.4,EF-04,False
ENV-301642,2026-06-05 08:00,A,29.0,63.0,EF-06,False
ENV-301643,2026-05-25 10:00,I,30.5,58.8,EF-08,False
ENV-301644,2026-06-27 00:00,J,30.3,51.9,EF-08,False
ENV-301645,2026-06-30 11:00,A,26.4,57.0,EF-03,False
ENV-301646,2026-05-24 11:00,B,25.2,33.3,EF-04,False
ENV-301647,2026-05-11 14:00,A,28.3,68.1,EF-07,False
ENV-301648,2026-07-11 17:00,E,23.6,58.5,EF-08,False
ENV-301649,2026-07-12 10:00,C,29.0,73.0,EF-07,False
ENV-301650,2026-05-04 07:00,A,29.0,39.7,EF-03,False
ENV-301651,2026-05-16 05:00,H,33.1,54.4,EF-02,False
ENV-301652,2026-06-07 22:00,I,27.4,55.4,EF-05,False
ENV-301653,2026-06-27 01:00,J,39.5,59.9,EF-01,False
ENV-301654,2026-06-20 01:00,I,29.8,40.3,EF-01,False
ENV-301655,2026-05-25 02:00,G,19.0,30.8,EF-02,False
ENV-301656,2026-05-10 00:00,F,31.2,38.0,EF-05,False
ENV-301657,2026-07-19 10:00,D,28.6,10.0,EF-04,False
ENV-301658,2026-07-23 11:00,F,26.3,61.2,EF-03,False
ENV-301659,2026-06-22 17:00,B,30.0,76.1,EF-05,False
ENV-301660,2026-07-09 14:00,F,24.3,69.3,EF-01,False
ENV-301661,2026-07-01 15:00,J,29.7,56.7,EF-03,False
ENV-301662,2026-07-17 04:00,B,23.3,49.0,EF-07,True
ENV-301663,2026-07-06 17:00,J,28.7,61.2,EF-03,False
ENV-301664,2026-06-10 08:00,E,23.3,30.1,EF-04,False
ENV-301665,2026-05-24 13:00,C,29.0,65.0,EF-02,False
ENV-301666,2026-05-09 05:00,B,34.3,60.2,EF-08,False
ENV-301667,2026-05-22 12:00,I,27.2,68.8,EF-01,False
ENV-301668,2026-06-04 15:00,D,29.7,70.5,EF-08,False
ENV-301669,2026-07-06 06:00,I,18.8,59.5,EF-03,False
ENV-301670,2026-06-03 18:00,C,29.5,44.3,EF-01,False
ENV-301671,2026-06-15 18:00,J,30.6,50.3,EF-02,False
ENV-301672,2026-06-23 14:00,H,22.3,61.0,EF-05,False
ENV-301673,2026-05-07 19:00,H,39.2,62.1,EF-01,False
ENV-301674,2026-06-03 14:00,G,23.3,53.6,EF-08,False
ENV-301675,2026-06-12 14:00,E,38.8,26.5,EF-08,False
ENV-301676,2026-07-05 23:00,A,19.2,53.5,EF-08,False
ENV-301677,2026-07-26 11:00,D,21.6,65.9,EF-06,False
ENV-301678,2026-06-25 08:00,H,41.6,36.0,EF-02,False
ENV-301679,2026-06-21 02:00,A,19.5,56.1,EF-08,False
ENV-301680,2026-07-19 01:00,A,30.8,47.2,EF-06,False
ENV-301681,2026-06-22 05:00,H,33.3,44.8,EF-05,False
ENV-301682,2026-07-13 17:00,C,36.0,31.7,EF-03,False
ENV-301683,2026-07-20 10:00,F,24.6,59.3,EF-05,False
ENV-301684,2026-06-28 11:00,F,29.7,44.6,EF-04,False
ENV-301685,2026-05-24 01:00,E,30.3,66.9,EF-08,False
ENV-301686,2026-05-11 14:00,F,25.6,65.2,EF-03,False
ENV-301687,2026-05-22 02:00,F,28.0,49.2,EF-04,False
ENV-301688,2026-07-03 18:00,I,18.7,40.1,EF-05,False
ENV-301689,2026-05-10 05:00,E,34.4,47.1,EF-07,False
ENV-301690,2026-07-03 02:00,C,24.9,76.7,EF-01,False
ENV-301691,2026-05-02 05:00,A,30.5,71.5,EF-04,False
ENV-301692,2026-06-30 07:00,D,24.5,70.3,EF-05,False
ENV-301693,2026-07-17 09:00,H,26.2,56.5,EF-03,False
ENV-301694,2026-06-14 15:00,D,34.8,59.6,EF-02,False
ENV-301695,2026-05-10 07:00,H,28.9,59.1,EF-07,False
ENV-301696,2026-07-22 18:00,D,35.3,44.7,EF-01,False
ENV-301697,2026-07-19 23:00,J,32.6,90.3,EF-06,False
ENV-301698,2026-06-19 21:00,B,29.6,65.1,EF-05,False
ENV-301699,2026-07-10 13:00,D,25.8,80.9,EF-02,False
ENV-301700,2026-05-02 02:00,G,32.0,84.5,EF-05,False
ENV-301701,2026-07-23 20:00,B,19.7,52.0,EF-05,False
ENV-301702,2026-07-20 09:00,J,24.1,36.6,EF-01,False
ENV-301703,2026-05-29 13:00,A,22.3,54.9,EF-04,False
ENV-301704,2026-07-14 05:00,H,28.5,45.3,EF-08,False
ENV-301705,2026-05-05 12:00,F,32.9,73.0,EF-02,False
ENV-301706,2026-05-01 05:00,H,38.0,75.1,EF-02,False
ENV-301707,2026-07-10 08:00,D,31.1,62.6,EF-01,False
ENV-301708,2026-06-12 22:00,H,29.0,65.4,EF-04,False
ENV-301709,2026-05-27 19:00,C,29.5,51.5,EF-02,False
ENV-301710,2026-05-22 21:00,B,28.8,43.6,EF-08,False
ENV-301711,2026-05-28 22:00,E,23.4,66.5,EF-07,False
ENV-301712,2026-07-27 07:00,J,28.3,52.7,EF-02,False
ENV-301713,2026-07-16 06:00,J,19.8,59.9,EF-07,True
ENV-301714,2026-07-03 04:00,H,29.0,88.4,EF-04,False
ENV-301715,2026-07-04 19:00,D,26.9,29.5,EF-05,False
ENV-301716,2026-07-04 20:00,G,25.5,36.9,EF-05,False
ENV-301717,2026-06-23 17:00,G,22.2,44.1,EF-07,False
ENV-301718,2026-07-27 18:00,D,21.6,36.4,EF-06,False
ENV-301719,2026-05-07 03:00,D,13.0,49.0,EF-06,False
ENV-301720,2026-07-26 21:00,F,38.1,57.2,EF-05,False
ENV-301721,2026-06-27 02:00,F,20.9,66.5,EF-04,False
ENV-301722,2026-07-03 12:00,D,22.0,60.3,EF-02,False
ENV-301723,2026-05-28 20:00,B,21.7,49.1,EF-06,False
ENV-301724,2026-05-14 21:00,J,29.1,71.7,EF-02,False
ENV-301725,2026-07-04 19:00,G,22.3,30.2,EF-01,False
ENV-301726,2026-05-11 22:00,H,18.2,54.7,EF-08,False
ENV-301727,2026-06-11 15:00,H,24.4,28.8,EF-02,False
ENV-301728,2026-05-06 00:00,H,28.7,74.0,EF-02,False
ENV-301729,2026-06-26 20:00,G,27.8,45.7,EF-05,False
ENV-301730,2026-06-18 18:00,I,23.3,51.0,EF-08,False
ENV-301731,2026-05-31 18:00,D,29.9,35.3,EF-07,False
ENV-301732,2026-05-22 05:00,F,27.6,61.8,EF-05,False
ENV-301733,2026-05-14 16:00,A,21.6,35.4,EF-06,False
ENV-301734,2026-05-15 08:00,I,33.9,39.8,EF-03,False
ENV-301735,2026-05-26 08:00,A,27.2,44.2,EF-03,False
ENV-301736,2026-06-28 19:00,E,27.9,45.5,EF-01,False
ENV-301737,2026-07-07 04:00,E,31.4,27.2,EF-07,False
ENV-301738,2026-07-27 11:00,D,33.5,42.5,EF-08,False
ENV-301739,2026-05-01 11:00,G,27.2,54.2,EF-08,False
ENV-301740,2026-07-12 12:00,A,28.3,40.5,EF-06,False
ENV-301741,2026-05-25 20:00,H,23.8,57.4,EF-01,False
ENV-301742,2026-07-27 16:00,G,18.3,47.6,EF-05,False
ENV-301743,2026-07-18 09:00,B,28.9,33.8,EF-06,False
ENV-301744,2026-07-19 14:00,D,26.9,40.5,EF-07,False
ENV-301745,2026-07-17 04:00,H,28.7,78.0,EF-07,True
ENV-301746,2026-07-08 13:00,G,34.7,39.0,EF-05,False
ENV-301747,2026-07-26 19:00,I,14.7,65.1,EF-03,False
ENV-301748,2026-05-01 19:00,H,30.2,43.4,EF-01,False
ENV-301749,2026-06-25 23:00,E,17.6,48.1,EF-02,False
ENV-301750,2026-07-17 03:00,J,26.8,52.5,EF-07,True
ENV-301751,2026-05-12 17:00,F,16.6,57.3,EF-02,False
ENV-301752,2026-07-15 01:00,H,16.2,47.1,EF-08,False
ENV-301753,2026-07-12 13:00,G,30.0,65.0,EF-05,False
ENV-301754,2026-07-26 23:00,H,27.8,38.0,EF-08,False
ENV-301755,2026-05-27 13:00,J,35.9,68.6,EF-02,False
ENV-301756,2026-05-01 18:00,E,18.5,53.8,EF-08,False
ENV-301757,2026-05-20 20:00,C,29.1,73.8,EF-03,False
ENV-301758,2026-07-01 20:00,H,25.9,51.1,EF-03,False
ENV-301759,2026-06-28 14:00,F,25.9,68.4,EF-03,False
ENV-301760,2026-07-11 11:00,E,25.7,50.6,EF-02,False
ENV-301761,2026-06-30 00:00,I,14.9,69.9,EF-01,False
ENV-301762,2026-05-13 19:00,H,26.9,62.3,EF-06,False
ENV-301763,2026-07-17 04:00,J,28.4,52.0,EF-07,True
ENV-301764,2026-07-07 06:00,D,23.6,83.0,EF-04,False
ENV-301765,2026-05-11 21:00,E,23.6,63.5,EF-08,False
ENV-301766,2026-05-14 00:00,J,24.6,62.3,EF-02,False
ENV-301767,2026-05-16 13:00,E,35.9,77.4,EF-02,False
ENV-301768,2026-05-22 13:00,C,28.8,36.3,EF-08,False
ENV-301769,2026-05-21 00:00,E,23.2,55.0,EF-08,False
ENV-301770,2026-06-06 07:00,J,20.8,59.0,EF-03,False
ENV-301771,2026-05-19 16:00,F,29.7,49.1,EF-06,False
ENV-301772,2026-07-17 14:00,I,29.6,78.2,EF-07,True
ENV-301773,2026-06-17 05:00,I,29.5,30.4,EF-06,False
ENV-301774,2026-06-07 01:00,D,20.2,53.5,EF-08,False
ENV-301775,2026-05-28 08:00,D,30.5,66.3,EF-02,False
ENV-301776,2026-06-24 05:00,D,21.4,55.9,EF-06,False
ENV-301777,2026-06-11 02:00,G,23.1,46.5,EF-06,False
ENV-301778,2026-07-04 09:00,D,21.5,78.6,EF-07,False
ENV-301779,2026-06-22 15:00,J,27.8,62.5,EF-01,False
ENV-301780,2026-06-10 01:00,D,17.6,88.9,EF-08,False
ENV-301781,2026-05-01 14:00,E,27.8,71.2,EF-04,False
ENV-301782,2026-07-16 08:00,A,23.2,54.5,EF-07,True
ENV-301783,2026-05-18 11:00,I,32.8,51.6,EF-08,False
ENV-301784,2026-05-08 14:00,H,23.4,50.6,EF-08,False
ENV-301785,2026-06-30 15:00,G,35.4,44.8,EF-05,False
ENV-301786,2026-06-24 22:00,J,23.7,33.6,EF-04,False
ENV-301787,2026-07-22 15:00,F,29.3,58.2,EF-04,False
ENV-301788,2026-05-15 23:00,E,27.0,52.7,EF-06,False
ENV-301789,2026-05-23 21:00,J,26.6,51.3,EF-05,False
ENV-301790,2026-05-06 10:00,E,26.3,35.9,EF-02,False
ENV-301791,2026-05-23 07:00,E,12.1,34.8,EF-04,False
ENV-301792,2026-06-20 09:00,J,26.2,65.7,EF-04,False
ENV-301793,2026-07-25 13:00,G,21.6,43.4,EF-07,False
ENV-301794,2026-06-25 22:00,B,26.0,63.8,EF-03,False
ENV-301795,2026-05-09 20:00,E,35.4,63.3,EF-06,False
ENV-301796,2026-07-02 09:00,I,21.3,32.9,EF-04,False
ENV-301797,2026-05-22 09:00,G,31.6,55.4,EF-07,False
ENV-301798,2026-07-01 04:00,H,25.0,52.6,EF-07,False
ENV-301799,2026-06-24 14:00,B,20.8,39.1,EF-06,False
ENV-301800,2026-05-14 15:00,F,32.9,64.9,EF-06,False
ENV-301801,2026-05-04 14:00,B,26.3,65.1,EF-07,False
ENV-301802,2026-06-21 05:00,F,22.3,54.8,EF-02,False
ENV-301803,2026-07-27 15:00,A,34.0,78.6,EF-04,False
ENV-301804,2026-06-08 17:00,J,34.4,63.5,EF-08,False
ENV-301805,2026-05-21 05:00,D,29.2,47.4,EF-06,False
ENV-301806,2026-05-15 12:00,G,30.7,38.8,EF-04,False
ENV-301807,2026-07-26 04:00,G,27.2,54.2,EF-07,False
ENV-301808,2026-06-26 17:00,A,16.9,42.3,EF-01,False
ENV-301809,2026-06-26 11:00,D,26.5,60.5,EF-04,False
ENV-301810,2026-05-10 19:00,G,35.1,53.5,EF-02,False
ENV-301811,2026-05-02 09:00,I,31.5,36.0,EF-03,False
ENV-301812,2026-06-20 06:00,J,12.3,47.1,EF-07,False
ENV-301813,2026-06-12 21:00,C,24.6,61.8,EF-04,False
ENV-301814,2026-05-29 22:00,F,23.3,83.1,EF-01,False
ENV-301815,2026-07-05 19:00,F,30.6,58.5,EF-08,False
ENV-301816,2026-06-10 20:00,A,24.8,63.6,EF-07,False
ENV-301817,2026-05-17 00:00,G,23.4,62.0,EF-05,False
ENV-301818,2026-05-15 06:00,I,22.6,76.8,EF-02,False
ENV-301819,2026-05-27 04:00,F,20.4,74.2,EF-03,False
ENV-301820,2026-05-08 15:00,C,29.4,68.4,EF-08,False
ENV-301821,2026-05-10 15:00,I,31.3,62.4,EF-07,False
ENV-301822,2026-05-16 10:00,B,35.0,63.3,EF-03,False
ENV-301823,2026-05-30 06:00,B,26.6,27.1,EF-03,False
ENV-301824,2026-05-02 05:00,H,28.5,58.6,EF-02,False
ENV-301825,2026-06-05 01:00,J,24.8,57.9,EF-05,False
ENV-301826,2026-05-05 04:00,G,23.5,46.1,EF-03,False
ENV-301827,2026-06-05 17:00,E,23.9,54.0,EF-07,False
ENV-301828,2026-06-25 16:00,J,23.3,40.5,EF-05,False
ENV-301829,2026-05-05 04:00,D,26.2,36.5,EF-06,False
ENV-301830,2026-06-30 07:00,J,26.7,50.7,EF-05,False
ENV-301831,2026-05-14 21:00,G,28.7,52.5,EF-02,False
ENV-301832,2026-05-16 03:00,B,25.4,59.8,EF-05,False
ENV-301833,2026-05-05 14:00,I,29.3,38.7,EF-01,False
ENV-301834,2026-07-27 22:00,D,32.5,39.0,EF-05,False
ENV-301835,2026-07-10 09:00,G,31.0,83.6,EF-07,False
ENV-301836,2026-05-21 10:00,J,21.1,43.9,EF-06,False
ENV-301837,2026-07-17 17:00,F,30.0,83.1,EF-04,False
ENV-301838,2026-07-08 07:00,H,39.6,54.8,EF-03,False
ENV-301839,2026-05-27 12:00,D,27.7,90.2,EF-02,False
ENV-301840,2026-07-14 13:00,G,29.2,71.2,EF-06,False
ENV-301841,2026-05-14 16:00,F,30.4,70.0,EF-05,False
ENV-301842,2026-07-20 20:00,D,32.2,61.0,EF-07,False
ENV-301843,2026-06-17 01:00,E,34.6,65.2,EF-08,False
ENV-301844,2026-05-20 00:00,F,24.8,56.0,EF-02,False
ENV-301845,2026-05-14 22:00,E,20.7,80.5,EF-04,False
ENV-301846,2026-06-18 23:00,A,25.7,63.1,EF-07,False
ENV-301847,2026-06-28 14:00,B,30.4,48.3,EF-08,False
ENV-301848,2026-05-07 05:00,E,33.2,34.2,EF-07,False
ENV-301849,2026-05-27 13:00,E,23.8,55.6,EF-04,False
